Date,Open,High,Low,Close,Volume
2019-01-04,455.939,473.705,451.886,465.916,500566.0
2019-01-07,473.705,482.273,466.379,472.144,468476.0
2019-01-08,468.253,477.595,452.2,452.98,1001133.0
2019-01-09,447.527,496.293,447.527,483.834,1418912.0
2019-01-10,476.044,483.834,459.055,470.582,793846.0
2019-01-11,469.024,493.962,465.916,483.054,734165.0
2019-01-15,472.144,477.595,459.99,468.253,1102529.0
2019-01-16,478.378,505.645,478.378,499.415,797057.0
2019-01-17,497.854,532.914,489.283,526.682,1577426.0
2019-01-18,529.797,534.475,511.884,518.111,671915.0
2019-01-21,529.022,536.039,507.203,509.54,372214.0
2019-01-22,503.313,514.996,489.283,508.761,551263.0
2019-01-23,504.091,523.567,500.19,511.884,220123.0
2019-01-24,507.203,517.333,506.425,508.761,260550.0
2019-01-25,519.672,539.929,515.777,521.23,507626.0
2019-01-28,521.23,536.807,516.55,517.333,414572.0
2019-01-29,514.996,537.59,511.884,529.797,422271.0
2019-01-30,529.797,535.253,504.867,512.655,2232654.0
2019-01-31,507.203,525.124,506.425,516.55,573083.0
2019-02-01,509.54,509.54,478.378,487.728,938240.0
2019-02-04,490.844,503.313,489.283,495.52,508269.0
2019-02-05,500.972,504.867,489.283,497.078,232310.0
2019-02-06,504.867,514.216,493.183,509.54,318307.0
2019-02-07,509.54,509.54,492.398,497.078,213703.0
2019-02-08,490.844,496.293,487.728,491.622,210490.0
2019-02-12,493.183,498.635,487.728,497.854,230394.0
2019-02-13,504.867,504.867,491.622,502.53,311887.0
2019-02-14,503.313,504.867,495.52,500.972,206643.0
2019-02-15,483.054,483.054,447.365,467.47,1452281.0
2019-02-18,492.398,513.441,479.157,511.101,692450.0
2019-02-19,512.655,528.24,504.091,509.54,526875.0
2019-02-20,506.425,517.333,499.415,504.867,228466.0
2019-02-21,504.867,523.567,504.867,515.777,486449.0
2019-02-22,520.448,522.009,507.203,513.441,308685.0
2019-02-25,521.23,547.719,518.897,545.378,904231.0
2019-02-26,546.939,572.65,545.378,560.959,859949.0
2019-02-27,560.959,560.959,528.24,535.253,989580.0
2019-02-28,532.914,538.365,519.672,531.358,463347.0
2019-03-01,528.24,532.914,514.216,528.24,713630.0
2019-03-04,528.24,534.475,518.111,518.111,340770.0
2019-03-05,518.111,524.345,512.655,522.009,275950.0
2019-03-06,518.111,525.124,505.645,510.323,411364.0
2019-03-07,501.751,508.761,487.728,489.283,457569.0
2019-03-08,481.493,488.507,474.48,484.609,444097.0
2019-03-11,478.378,482.273,468.253,469.807,396605.0
2019-03-12,480.715,491.622,479.157,490.844,264397.0
2019-03-13,495.52,507.986,485.388,490.064,506344.0
2019-03-14,502.53,514.216,500.972,511.101,387623.0
2019-03-15,557.847,560.959,539.154,550.834,1221896.0
2019-03-18,555.51,572.65,551.617,570.316,1169268.0
2019-03-19,574.211,581.221,555.51,558.623,767534.0
2019-03-20,553.171,564.079,546.164,558.623,440884.0
2019-03-22,560.184,579.663,542.263,556.293,595548.0
2019-03-25,545.378,545.378,524.345,527.461,428049.0
2019-03-26,529.797,531.358,518.111,518.111,641750.0
2019-03-27,525.605,558.126,524.979,556.863,518877.0
2019-03-28,560.337,599.479,560.337,598.843,1499611.0
2019-03-29,599.798,621.891,588.118,606.111,763111.0
2019-04-01,621.891,637.678,618.736,629.783,951591.0
2019-04-02,629.783,629.783,596.954,614.315,644954.0
2019-04-03,599.798,609.9,596.954,606.742,514759.0
2019-04-04,602.95,609.9,593.799,596.324,485613.0
2019-04-05,596.324,596.324,584.644,589.377,350986.0
2019-04-08,587.17,602.005,577.698,585.904,470407.0
2019-04-09,584.326,590.326,566.333,569.176,524896.0
2019-04-10,565.391,565.391,552.442,557.181,296499.0
2019-04-11,557.807,573.279,552.442,570.753,367456.0
2019-04-12,586.219,602.95,577.698,595.059,478644.0
2019-04-15,603.898,615.581,586.537,603.586,485299.0
2019-04-16,594.743,611.157,591.588,605.475,396285.0
2019-04-17,606.111,621.577,602.005,619.999,507472.0
2019-04-18,618.736,619.684,596.64,601.057,386464.0
2019-04-19,604.528,610.53,599.798,602.95,378861.0
2019-04-22,597.587,610.212,591.588,600.428,222057.0
2019-04-23,593.484,607.053,589.059,604.528,315510.0
2019-04-24,607.689,611.475,585.593,588.118,575261.0
2019-04-25,589.059,613.374,589.059,606.742,852442.0
2019-04-26,599.798,607.374,591.588,605.793,362074.0
2019-05-07,617.789,628.527,610.844,614.63,426061.0
2019-05-08,602.005,614.0,596.954,601.691,293017.0
2019-05-09,611.157,617.155,606.427,611.793,500819.0
2019-05-10,611.793,611.793,582.434,591.588,326912.0
2019-05-13,591.903,601.057,584.015,591.588,197350.0
2019-05-14,566.333,591.588,556.863,585.593,379498.0
2019-05-15,589.377,614.948,586.537,613.374,409271.0
2019-05-16,578.33,584.015,550.861,566.333,760577.0
2019-05-17,584.015,610.53,584.015,600.428,543274.0
2019-05-20,608.631,620.944,595.377,598.532,338947.0
2019-05-21,590.955,611.793,587.485,602.005,428282.0
2019-05-22,608.945,624.421,606.742,619.684,368726.0
2019-05-23,624.099,642.732,619.684,625.366,486247.0
2019-05-24,624.099,629.472,606.427,628.202,273693.0
2019-05-27,626.313,655.357,624.099,646.518,368726.0
2019-05-28,648.41,658.509,635.153,636.731,348134.0
2019-05-29,634.523,642.411,626.628,636.731,299034.0
2019-05-30,628.527,629.15,600.113,610.212,449821.0
2019-05-31,610.212,611.793,587.8,599.798,407373.0
2019-06-03,590.644,590.644,566.333,576.435,334198.0
2019-06-04,583.063,602.95,583.063,586.537,423840.0
2019-06-05,591.903,603.268,586.851,601.691,207802.0
2019-06-06,595.377,597.272,586.851,589.377,274957.0
2019-06-07,605.793,626.943,599.161,625.047,610743.0
2019-06-10,631.046,646.2,630.101,643.989,601559.0
2019-06-11,640.833,654.728,637.678,649.988,371575.0
2019-06-12,650.621,656.617,629.472,629.783,333245.0
2019-06-13,638.941,638.941,611.475,620.944,359222.0
2019-06-14,616.211,625.998,613.052,622.21,274009.0
2019-06-17,619.052,619.052,600.742,612.104,300937.0
2019-06-18,618.103,623.788,607.689,613.374,159340.0
2019-06-19,619.37,625.68,611.157,613.685,114355.0
2019-06-20,619.999,645.57,618.736,643.989,307904.0
2019-06-21,645.884,654.094,622.84,626.313,220790.0
2019-06-24,631.046,634.523,623.154,630.42,163453.0
2019-06-25,646.833,646.833,618.103,622.21,178659.0
2019-06-26,624.735,624.735,604.846,610.844,230928.0
2019-06-27,607.689,619.37,603.898,619.052,217305.0
2019-06-28,610.53,617.155,603.898,611.475,248982.0
2019-07-01,617.155,628.842,617.155,621.577,220476.0
2019-07-02,621.577,624.735,614.315,621.891,287318.0
2019-07-03,621.577,621.891,599.479,610.212,563223.0
2019-07-04,611.157,613.685,587.17,587.8,643370.0
2019-07-05,592.847,613.052,585.274,610.844,505571.0
2019-07-08,610.53,618.103,602.95,602.95,220476.0
2019-07-09,600.113,609.267,594.114,605.793,221113.0
2019-07-10,603.898,623.472,603.898,618.103,412755.0
2019-07-11,618.421,620.944,608.945,615.581,184678.0
2019-07-12,615.581,623.788,607.689,612.429,313606.0
2019-07-16,606.427,618.736,603.898,607.053,283513.0
2019-07-17,607.053,611.475,596.64,599.798,248982.0
2019-07-18,592.221,606.111,583.063,588.118,379178.0
2019-07-19,588.118,624.421,588.118,620.314,507472.0
2019-07-22,620.314,620.314,599.798,600.113,396918.0
2019-07-23,612.738,637.357,610.212,625.047,658256.0
2019-07-24,625.047,625.047,612.104,613.052,184995.0
2019-07-25,618.736,623.154,610.53,623.154,114355.0
2019-07-26,621.891,621.891,606.427,612.738,213193.0
2019-07-29,612.104,626.943,609.267,619.999,212557.0
2019-07-30,619.999,631.998,612.429,631.679,399770.0
2019-07-31,630.731,634.201,625.047,630.42,116259.0
2019-08-01,627.576,645.884,619.999,643.989,452352.0
2019-08-02,629.472,629.783,616.84,620.633,245817.0
2019-08-05,611.475,611.475,583.063,596.64,593636.0
2019-08-06,563.803,599.479,563.803,596.324,385833.0
2019-08-07,600.113,600.428,588.118,594.114,119421.0
2019-08-08,594.428,598.217,589.695,593.799,114988.0
2019-08-09,641.151,661.356,590.01,603.268,3062260.0
2019-08-13,605.793,630.731,603.268,627.576,763741.0
2019-08-14,627.576,627.576,601.691,606.427,771348.0
2019-08-15,602.95,610.53,576.113,586.851,1413765.0
2019-08-16,589.059,607.053,583.696,596.954,527114.0
2019-08-19,597.272,599.798,579.908,581.489,408954.0
2019-08-20,583.063,588.429,579.275,582.434,226493.0
2019-08-21,577.698,590.326,577.064,585.904,329760.0
2019-08-22,591.588,598.217,567.91,572.647,510960.0
2019-08-23,570.435,579.275,565.699,577.386,173910.0
2019-08-26,560.337,582.745,555.912,578.012,368410.0
2019-08-27,578.012,603.268,572.647,581.489,493530.0
2019-08-28,578.642,578.642,558.126,563.177,437149.0
2019-08-29,560.015,562.862,545.813,553.39,409907.0
2019-08-30,557.181,561.914,552.76,560.337,288582.0
2019-09-02,555.6,561.914,545.186,549.916,315510.0
2019-09-03,552.13,558.126,548.657,553.39,165043.0
2019-09-04,553.078,563.803,544.865,559.392,334198.0
2019-09-05,564.755,580.856,560.963,572.013,427645.0
2019-09-06,575.49,587.17,570.753,581.489,351619.0
2019-09-09,582.116,596.006,581.489,592.221,243600.0
2019-09-10,597.272,606.111,588.118,589.059,452989.0
2019-09-11,590.01,610.212,590.01,602.95,398822.0
2019-09-12,601.057,608.323,588.745,588.745,324061.0
2019-09-13,594.428,600.742,589.059,592.533,249939.0
2019-09-17,595.059,608.001,595.059,605.793,243283.0
2019-09-18,602.95,605.475,591.903,599.161,219523.0
2019-09-19,599.161,613.374,596.324,601.057,385517.0
2019-09-20,606.742,607.689,584.959,584.959,310122.0
2019-09-24,587.485,600.113,584.644,593.799,323110.0
2019-09-25,596.64,610.844,584.015,608.945,491946.0
2019-09-26,615.581,626.628,598.217,601.373,567344.0
2019-09-27,599.135,611.276,596.901,609.993,243292.0
2019-09-30,606.483,617.023,600.736,612.873,358516.0
2019-10-01,619.575,632.352,615.107,616.701,356012.0
2019-10-02,616.701,624.689,609.678,618.62,274287.0
2019-10-03,613.834,621.175,607.441,609.993,240160.0
2019-10-04,606.483,608.398,593.073,604.249,331281.0
2019-10-07,604.567,608.398,595.944,602.333,196324.0
2019-10-08,609.039,621.812,603.292,619.575,356640.0
2019-10-09,616.065,616.383,604.249,610.317,235149.0
2019-10-10,616.383,616.701,603.928,604.885,185991.0
2019-10-11,605.207,609.039,590.836,590.836,405173.0
2019-10-15,592.752,602.969,589.878,591.154,220123.0
2019-10-16,600.096,604.885,590.196,591.472,209159.0
2019-10-17,588.92,597.226,583.488,594.346,258320.0
2019-10-18,594.346,603.292,585.089,586.046,226070.0
2019-10-21,586.046,598.817,586.046,595.303,188184.0
2019-10-23,604.249,646.405,604.249,643.214,1043928.0
2019-10-24,637.462,642.891,625.965,639.378,528541.0
2019-10-25,641.934,644.805,627.881,638.417,196638.0
2019-10-28,638.735,653.431,637.462,640.336,336286.0
2019-10-29,644.489,645.765,634.268,635.869,209476.0
2019-10-30,635.547,635.547,609.678,627.241,638757.0
2019-10-31,627.881,642.891,622.455,640.336,301846.0
2019-11-01,638.417,639.7,632.674,636.826,110840.0
2019-11-05,644.489,647.045,638.417,638.735,201019.0
2019-11-06,639.378,640.976,623.728,625.329,179103.0
2019-11-07,622.77,625.965,619.26,623.41,157494.0
2019-11-08,631.076,632.352,617.023,617.023,152485.0
2019-11-11,625.329,643.532,625.329,637.781,279926.0
2019-11-12,640.976,647.045,639.06,642.57,338790.0
2019-11-13,638.735,643.85,629.157,640.018,290260.0
2019-11-14,640.336,654.072,637.144,652.474,733944.0
2019-11-15,732.315,779.903,715.069,767.447,2562858.0
2019-11-18,754.991,757.225,720.816,731.356,1749382.0
2019-11-19,731.356,777.987,731.038,772.873,822868.0
2019-11-20,764.252,811.2,759.145,804.489,636566.0
2019-11-21,780.217,780.217,754.991,771.596,873595.0
2019-11-22,775.75,787.244,762.339,771.596,226695.0
2019-11-25,777.987,799.703,777.666,793.635,303411.0
2019-11-26,777.666,787.244,770.002,774.792,524471.0
2019-11-27,760.102,764.571,745.731,757.544,671634.0
2019-11-28,752.118,755.313,732.954,740.938,699501.0
2019-11-29,747.325,766.493,747.325,762.654,412372.0
2019-12-02,748.605,752.433,742.851,746.046,400165.0
2019-12-03,737.426,753.39,736.149,750.521,210098.0
2019-12-04,744.133,747.325,737.744,744.774,520084.0
2019-12-05,741.578,746.367,733.275,745.41,594921.0
2019-12-06,741.257,760.42,737.426,758.183,431163.0
2019-12-09,748.923,752.433,734.552,738.383,630303.0
2019-12-10,740.938,766.493,737.744,764.892,407678.0
2019-12-11,747.325,751.799,738.383,742.536,635000.0
2019-12-12,738.065,742.536,730.083,733.916,595862.0
2019-12-13,734.87,739.341,722.093,724.97,696996.0
2019-12-16,718.579,730.083,716.985,723.694,355701.0
2019-12-17,726.245,739.659,722.093,731.356,526661.0
2019-12-18,728.161,731.356,722.093,731.038,480632.0
2019-12-19,734.552,739.981,728.161,736.782,429283.0
2019-12-20,736.149,755.95,734.552,753.072,404546.0
2019-12-23,742.218,742.851,725.288,727.843,459654.0
2019-12-24,731.038,748.605,731.038,736.782,354449.0
2019-12-25,741.578,743.176,726.571,740.299,397033.0
2019-12-26,747.325,754.991,738.704,744.451,366349.0
2019-12-27,738.704,745.092,727.204,741.257,380122.0
2019-12-30,739.341,757.865,736.464,755.632,352880.0
2020-01-06,734.23,740.62,728.801,734.23,317812.0
2020-01-07,734.87,756.91,734.552,753.39,351317.0
2020-01-08,745.41,745.41,717.622,726.571,494725.0
2020-01-09,758.501,761.697,727.843,734.87,508187.0
2020-01-10,739.022,739.341,726.889,730.72,305913.0
2020-01-14,739.659,740.938,719.223,720.816,301218.0
2020-01-15,721.457,722.093,704.208,708.365,360710.0
2020-01-16,701.974,701.974,687.603,688.239,374172.0
2020-01-17,685.687,685.687,676.745,683.454,309669.0
2020-01-20,679.94,690.161,679.94,686.005,440552.0
2020-01-21,691.434,707.725,686.967,690.48,589599.0
2020-01-22,693.032,724.649,693.032,722.417,606820.0
2020-01-23,710.92,724.012,710.595,714.112,413000.0
2020-01-24,713.154,717.622,689.519,691.12,478128.0
2020-01-27,676.106,682.813,663.971,665.251,419266.0
2020-01-28,652.474,669.4,639.7,668.445,446505.0
2020-01-29,673.232,679.622,661.734,661.734,398282.0
2020-01-30,659.178,665.887,639.06,647.045,490649.0
2020-01-31,650.876,670.359,650.876,657.585,361959.0
2020-02-03,636.505,648.643,633.634,641.295,351317.0
2020-02-04,644.805,663.971,640.018,661.097,312490.0
2020-02-05,671.955,673.872,662.056,663.971,288694.0
2020-02-06,676.745,676.745,661.734,662.374,276170.0
2020-02-07,666.523,666.523,647.045,650.876,223249.0
2020-02-10,656.941,672.592,651.194,665.566,338790.0
2020-02-12,665.887,677.381,659.178,674.826,212919.0
2020-02-13,677.066,686.646,671.955,685.366,282430.0
2020-02-14,688.239,694.312,680.258,687.603,611829.0
2020-02-17,699.419,699.419,625.329,628.195,1610044.0
2020-02-18,632.352,682.813,631.391,666.845,1295363.0
2020-02-19,663.971,684.729,663.971,673.553,372296.0
2020-02-20,678.021,680.258,656.305,657.585,255813.0
2020-02-21,654.711,657.906,647.045,651.516,281806.0
2020-02-25,607.123,629.157,604.567,619.575,695120.0
2020-02-26,609.039,613.188,591.472,603.613,639381.0
2020-02-27,594.03,594.667,565.285,570.074,712025.0
2020-02-28,538.458,560.174,530.796,544.523,1174500.0
2020-03-02,555.385,589.878,550.911,582.212,775590.0
2020-03-03,592.434,606.161,561.772,561.772,562040.0
2020-03-04,556.025,576.465,552.512,569.117,414252.0
2020-03-05,596.268,598.817,580.617,592.115,688856.0
2020-03-06,576.465,585.407,559.534,563.047,453704.0
2020-03-09,530.149,540.692,505.881,512.267,938720.0
2020-03-10,479.375,536.861,479.375,531.75,691985.0
2020-03-11,534.63,553.79,497.897,497.897,623415.0
2020-03-12,474.264,503.007,464.365,471.706,788114.0
2020-03-13,419.975,444.882,396.018,441.051,1161973.0
2020-03-16,445.837,474.264,434.342,437.541,575822.0
2020-03-17,405.282,450.311,405.282,441.051,673197.0
2020-03-18,451.906,469.158,424.443,425.079,542006.0
2020-03-19,430.19,434.024,369.51,371.429,991324.0
2020-03-23,361.846,378.456,361.846,376.855,766511.0
2020-03-24,411.03,438.814,399.531,430.511,677584.0
2020-03-25,500.773,500.773,463.725,486.081,757430.0
2020-03-26,479.054,516.103,467.557,500.134,976295.0
2020-03-27,510.992,518.337,492.152,500.452,595862.0
2020-03-30,481.02,503.044,471.624,490.412,668379.0
2020-03-31,503.368,533.168,496.564,525.068,666834.0
2020-04-01,512.115,518.916,471.624,476.807,568663.0
2020-04-02,472.922,477.456,449.595,449.595,568970.0
2020-04-03,467.085,473.565,424.334,426.597,727961.0
2020-04-06,413.641,424.658,396.797,416.882,971540.0
2020-04-07,455.754,475.186,447.007,463.851,588730.0
2020-04-08,463.851,474.215,439.557,470.652,462463.0
2020-04-09,490.088,510.169,482.637,509.845,652633.0
2020-04-10,502.073,502.073,474.54,497.539,400409.0
2020-04-13,485.878,493.326,473.244,474.861,297296.0
2020-04-14,466.115,488.145,458.342,485.878,332491.0
2020-04-15,489.763,489.763,467.085,468.71,518029.0
2020-04-16,481.666,495.593,474.215,486.2,448880.0
2020-04-17,490.088,491.384,477.132,480.045,296369.0
2020-04-20,489.117,492.679,470.006,491.709,347003.0
2020-04-21,493.976,501.423,471.952,475.186,392073.0
2020-04-22,471.298,481.666,460.609,471.298,386829.0
2020-04-23,487.175,501.098,482.962,498.188,415537.0
2020-04-24,505.311,505.311,490.088,497.86,250989.0
2020-04-27,523.776,537.702,509.52,525.718,413992.0
2020-04-28,538.677,540.291,523.125,538.677,316747.0
2020-04-30,561.672,593.742,553.25,582.404,1174066.0
2020-05-01,565.235,566.206,553.25,561.351,263649.0
2020-05-07,559.73,570.094,557.787,564.589,167634.0
2020-05-08,575.603,575.928,560.701,571.715,339593.0
2020-05-11,580.137,580.137,567.181,573.336,333109.0
2020-05-12,565.885,582.725,562.968,580.462,196345.0
2020-05-13,576.574,587.259,567.827,585.645,356263.0
2020-05-14,579.491,579.491,555.846,558.759,269822.0
2020-05-15,562.647,563.293,541.59,550.983,209932.0
2020-05-18,548.391,563.293,545.157,563.293,147257.0
2020-05-19,573.657,589.53,571.066,582.404,210858.0
2020-05-20,580.137,592.768,571.715,592.447,110828.0
2020-05-21,592.768,594.714,581.432,589.208,147878.0
2020-05-22,589.208,589.854,578.516,589.53,148494.0
2020-05-25,599.248,612.525,598.601,611.554,183378.0
2020-05-26,615.445,616.091,597.63,607.02,237406.0
2020-05-27,602.486,612.204,597.63,608.319,203448.0
2020-05-28,608.319,629.047,599.248,613.496,387442.0
2020-05-29,635.852,654.316,626.455,633.256,592124.0
2020-06-01,616.091,640.386,605.728,630.019,460921.0
2020-06-02,631.318,631.318,603.457,604.753,412140.0
2020-06-03,600.219,611.883,567.827,579.812,720243.0
2020-06-04,593.742,617.387,592.447,612.853,432521.0
2020-06-05,612.853,612.853,593.418,604.428,226909.0
2020-06-08,608.641,634.228,606.049,632.286,353176.0
2020-06-09,637.148,637.148,616.417,630.343,193259.0
2020-06-10,626.455,630.019,616.091,627.43,230306.0
2020-06-11,614.474,625.16,594.388,596.006,212089.0
2020-06-12,567.827,589.53,564.589,588.559,236169.0
2020-06-15,584.025,584.671,564.589,565.885,257780.0
2020-06-16,573.336,596.006,573.336,594.064,155904.0
2020-06-17,603.782,623.867,603.135,614.15,321378.0
2020-06-18,613.175,617.709,604.428,616.091,159609.0
2020-06-19,626.78,643.624,624.188,643.299,311190.0
2020-06-22,647.833,669.536,644.92,649.133,426342.0
2020-06-23,653.667,667.594,644.92,663.384,283405.0
2020-06-24,658.522,658.522,640.386,646.863,139850.0
2020-06-25,645.57,645.57,630.019,638.441,186157.0
2020-06-26,646.216,665.651,645.57,665.651,263649.0
2020-06-29,658.522,662.089,635.199,643.624,285565.0
2020-06-30,637.469,645.891,608.962,608.962,277540.0
2020-07-01,614.474,630.665,613.496,619.008,308106.0
2020-07-02,619.008,632.286,603.135,604.107,268277.0
2020-07-03,601.194,605.403,592.121,604.428,261488.0
2020-07-06,599.894,625.809,597.302,625.485,335580.0
2020-07-07,628.401,648.161,628.401,648.161,282171.0
2020-07-08,644.599,644.599,627.43,636.177,253460.0
2020-07-09,627.43,634.877,607.991,608.319,309645.0
2020-07-10,599.248,599.894,586.289,586.289,262101.0
2020-07-13,582.725,603.782,580.783,603.457,240184.0
2020-07-14,593.742,596.981,585.645,596.659,136763.0
2020-07-15,597.63,602.486,588.884,601.194,179365.0
2020-07-16,601.194,613.496,600.219,610.911,247284.0
2020-07-17,608.962,619.008,601.843,609.287,235553.0
2020-07-20,606.377,608.641,589.53,607.02,171647.0
2020-07-21,606.377,607.991,587.912,593.418,196345.0
2020-07-22,593.096,597.63,586.617,596.659,96011.2
2020-07-27,589.53,591.151,573.657,589.53,173192.0
2020-07-28,589.53,589.53,572.364,581.111,212400.0
2020-07-29,575.278,577.87,563.942,569.123,222896.0
2020-07-30,564.264,569.123,554.546,562.322,219499.0
2020-07-31,552.279,553.576,526.689,532.522,296991.0
2020-08-03,539.969,547.099,536.081,547.099,145099.0
2020-08-04,548.716,576.574,548.716,576.574,191714.0
2020-08-05,566.86,574.303,564.264,571.715,113914.0
2020-08-06,571.715,578.516,562.968,564.264,93850.9
2020-08-07,558.759,560.38,550.983,559.08,116078.0
2020-08-11,566.86,578.516,565.235,577.22,169484.0
2020-08-12,582.725,582.725,568.152,575.928,121943.0
2020-08-13,583.05,588.884,577.22,586.938,122564.0
2020-08-14,591.793,601.843,591.472,600.219,326628.0
2020-08-17,652.046,652.046,621.597,628.08,471414.0
2020-08-18,626.131,626.131,616.738,623.867,240800.0
2020-08-19,616.417,624.513,615.12,624.513,155288.0
2020-08-20,615.12,619.979,602.486,611.554,233704.0
2020-08-21,598.601,605.403,596.331,599.573,312427.0
2020-08-24,593.742,595.685,579.812,589.53,287418.0
2020-08-25,602.486,609.937,600.868,607.02,303164.0
2020-08-26,602.164,619.008,600.868,619.008,201288.0
2020-08-27,621.597,621.597,606.377,611.232,174737.0
2020-08-28,599.894,614.474,590.826,598.923,435604.0
2020-08-31,618.033,639.411,618.033,636.823,375403.0
2020-09-01,642.004,653.667,639.09,652.046,337119.0
2020-09-02,648.161,652.046,636.498,639.411,167019.0
2020-09-03,652.367,653.346,634.228,638.119,243274.0
2020-09-04,627.106,637.148,626.131,632.614,111139.0
2020-09-07,644.599,645.245,629.047,633.585,129661.0
2020-09-08,633.256,647.509,633.256,646.538,170721.0
2020-09-09,632.286,644.92,632.286,642.653,121017.0
2020-09-10,647.509,647.509,628.722,631.643,160224.0
2020-09-11,628.08,662.414,625.16,655.285,479135.0
2020-09-14,671.482,676.987,660.793,663.06,263953.0
2020-09-15,660.793,670.511,658.201,663.06,82117.3
2020-09-16,668.241,671.157,658.85,662.089,102495.0
2020-09-17,661.764,684.116,660.143,684.116,183996.0
2020-09-18,688.326,709.382,686.705,709.382,335269.0
2020-09-23,707.761,707.761,683.792,685.409,173503.0
2020-09-24,673.099,673.099,650.104,654.316,221659.0
2020-09-25,664.999,707.761,664.999,699.985,356263.0
2020-09-28,699.015,703.549,677.312,696.102,215489.0
2020-09-29,684.116,698.043,684.116,690.914,154978.0
2020-09-30,696.423,696.423,680.875,681.525,139539.0
2020-10-02,693.506,693.506,662.735,665.327,141397.0
2020-10-05,681.525,702.252,679.582,697.718,222588.0
2020-10-06,699.661,716.18,692.214,696.102,242037.0
2020-10-07,696.102,709.382,693.506,696.102,141397.0
2020-10-08,709.382,709.382,688.326,691.242,105581.0
2020-10-09,698.043,699.336,685.087,696.748,75947.2
2020-10-12,704.198,705.17,694.802,702.252,106197.0
2020-10-13,699.661,702.252,675.048,681.197,284331.0
2020-10-14,682.167,695.127,678.933,695.127,98789.9
2020-10-15,689.943,690.914,677.958,679.904,96011.2
2020-10-16,680.225,681.197,667.594,673.745,142321.0
2020-10-19,680.225,700.957,676.34,700.957,162695.0
2020-10-20,696.423,709.382,691.242,696.102,96011.2
2020-10-21,698.043,710.674,693.506,702.578,96629.7
2020-10-22,688.65,690.593,660.793,664.356,298844.0
2020-10-23,671.482,671.482,640.386,655.285,209005.0
2020-10-26,655.285,660.793,641.357,657.555,284642.0
2020-10-27,641.357,667.594,623.542,667.594,256239.0
2020-10-28,666.302,669.536,657.23,663.707,149420.0
2020-10-29,647.187,664.999,645.891,662.089,145099.0
2020-10-30,663.06,668.241,632.286,638.441,270748.0
2020-11-02,638.441,653.667,632.614,645.245,214871.0
2020-11-04,655.931,664.031,643.949,658.522,124414.0
2020-11-05,658.85,670.186,653.988,664.356,259322.0
2020-11-06,664.356,692.538,656.905,681.846,396704.0
2020-11-09,698.043,699.336,649.133,663.384,410595.0
2020-11-10,679.582,686.705,660.793,675.691,251607.0
2020-11-11,679.904,696.423,670.836,686.705,216720.0
2020-11-12,689.943,689.943,662.414,671.806,181221.0
2020-11-13,658.85,669.211,648.812,653.346,263027.0
2020-11-16,659.822,670.836,653.346,668.89,158683.0
2020-11-17,662.089,699.336,656.255,687.033,423874.0
2020-11-18,686.38,689.296,666.623,676.016,180294.0
2020-11-19,676.016,684.759,666.623,671.482,158067.0
2020-11-20,671.482,688.326,665.977,687.033,83969.8
2020-11-24,707.433,716.18,699.985,702.899,216720.0
2020-11-25,721.042,724.927,712.295,714.238,267658.0
2020-11-26,720.393,751.491,714.887,735.294,290196.0
2020-11-27,746.629,758.936,741.124,751.491,268277.0
2020-11-30,754.727,754.727,727.194,727.194,151580.0
2020-12-01,733.349,743.391,732.056,733.673,201288.0
2020-12-02,733.673,746.951,729.136,732.377,318289.0
2020-12-03,733.998,733.998,706.462,714.238,352561.0
2020-12-04,711.646,712.617,684.116,691.242,355336.0
2020-12-07,696.423,702.899,685.409,689.943,145407.0
2020-12-08,685.409,713.27,676.987,698.69,262719.0
2020-12-09,698.69,726.551,697.718,712.617,224441.0
2020-12-10,710.353,715.859,705.17,709.058,118238.0
2020-12-11,706.14,714.887,698.043,700.957,117622.0
2020-12-14,707.761,716.18,703.873,706.462,141397.0
2020-12-15,706.14,719.743,702.578,707.112,169484.0
2020-12-16,713.916,715.208,703.549,710.674,173192.0
2020-12-17,718.775,737.561,715.534,727.522,425415.0
2020-12-18,722.338,732.377,719.421,730.113,144173.0
2020-12-21,736.911,736.911,711.325,720.068,214871.0
2020-12-22,720.068,720.068,690.914,704.848,213941.0
2020-12-23,711.646,722.017,703.873,720.714,171339.0
2020-12-24,731.728,734.647,716.18,733.998,150657.0
2020-12-25,743.069,743.069,726.872,733.673,223204.0
2020-12-28,740.474,741.446,729.136,733.998,266117.0
2020-12-29,738.532,741.124,729.461,733.673,306869.0
2020-12-30,737.233,762.826,728.49,753.43,242652.0
2021-01-04,761.531,768.332,732.056,739.182,161461.0
2021-01-05,739.182,741.446,723.63,739.507,178747.0
2021-01-06,746.629,788.092,746.629,784.53,643062.0
2021-01-07,794.247,812.712,775.782,777.728,609104.0
2021-01-08,784.201,810.442,784.201,810.442,339901.0
2021-01-12,818.538,831.17,809.795,828.257,377567.0
2021-01-13,826.964,826.964,808.5,817.568,252537.0
2021-01-14,825.021,828.581,779.995,789.385,451969.0
2021-01-15,797.16,797.16,770.924,786.797,251300.0
2021-01-18,779.995,793.277,764.772,792.626,197579.0
2021-01-19,793.598,801.695,785.822,794.893,273834.0
2021-01-20,796.836,800.399,777.728,785.501,243274.0
2021-01-21,785.501,808.174,783.88,789.385,258396.0
2021-01-22,789.385,792.948,771.895,786.15,213637.0
2021-01-25,793.598,793.598,762.177,768.985,246050.0
2021-01-26,772.866,773.519,750.193,765.094,317055.0
2021-01-27,767.036,779.995,756.025,779.995,208079.0
2021-01-28,764.119,777.079,754.727,771.571,438691.0
2021-01-29,779.024,779.024,761.206,772.866,229685.0
2021-02-01,770.924,798.132,770.924,793.598,233704.0
2021-02-02,805.582,840.567,793.598,838.949,401028.0
2021-02-03,832.791,844.778,817.892,818.538,185230.0
2021-02-04,827.285,832.145,801.695,810.442,179057.0
2021-02-05,816.922,821.78,805.261,817.246,149731.0
2021-02-08,802.02,817.246,780.963,797.811,300693.0
2021-02-09,805.582,805.582,754.727,764.447,382506.0
2021-02-10,771.895,771.895,741.771,742.095,334035.0
2021-02-12,749.221,749.221,724.281,745.012,359346.0
2021-02-15,753.758,765.094,746.629,760.238,204990.0
2021-02-16,768.653,786.15,762.177,775.458,255931.0
2021-02-17,782.909,789.71,771.248,783.234,146029.0
2021-02-18,788.092,788.092,754.727,757.964,239258.0
2021-02-19,754.727,769.306,749.221,764.447,200669.0
2021-02-22,769.628,797.811,769.628,787.768,223515.0
2021-02-24,791.98,791.98,745.012,750.842,366759.0
2021-02-25,769.306,792.948,762.826,788.092,314892.0
2021-02-26,787.122,802.991,778.054,793.919,339901.0
2021-03-01,793.919,817.246,776.754,812.712,282786.0
2021-03-02,825.993,832.145,790.684,791.01,180910.0
2021-03-03,801.37,805.582,780.317,786.475,157446.0
2021-03-04,793.598,798.132,785.501,793.277,157446.0
2021-03-05,793.277,793.277,761.531,770.278,188628.0
2021-03-08,770.924,793.277,769.953,772.545,195419.0
2021-03-09,787.122,790.359,767.683,776.429,180910.0
2021-03-10,787.443,787.443,757.322,767.036,185230.0
2021-03-11,770.278,770.599,759.264,768.653,118238.0
2021-03-12,762.177,779.346,761.206,775.458,170105.0
2021-03-15,782.588,793.598,778.375,790.359,181836.0
2021-03-16,790.359,790.359,776.108,783.88,207458.0
2021-03-17,783.88,805.907,783.88,789.71,229685.0
2021-03-18,798.453,821.78,794.247,818.217,203756.0
2021-03-19,809.795,815.947,800.727,805.261,139539.0
2021-03-22,809.47,809.47,792.948,797.16,103113.0
2021-03-23,796.836,796.836,771.895,772.545,146330.0
2021-03-24,771.571,793.919,760.559,781.937,278466.0
2021-03-25,797.486,813.68,779.024,783.558,184615.0
2021-03-26,783.558,793.598,778.054,791.01,136145.0
2021-03-29,798.781,798.781,784.201,788.092,137997.0
2021-03-30,793.814,801.005,782.697,793.485,131218.0
2021-03-31,793.485,805.582,788.908,788.908,127851.0
2021-04-01,800.352,833.699,795.775,810.816,196671.0
2021-04-02,823.892,846.781,810.16,824.872,151402.0
2021-04-05,833.045,855.932,817.68,840.891,165166.0
2021-04-06,855.278,885.685,836.314,875.55,260291.0
2021-04-07,890.915,945.513,878.162,915.435,517522.0
2021-04-08,900.07,901.703,854.622,859.203,325440.0
2021-04-09,872.935,888.953,863.452,886.338,173729.0
2021-04-12,886.01,886.338,861.162,862.471,143757.0
2021-04-13,863.124,864.758,840.567,842.2,167921.0
2021-04-14,843.51,844.487,828.469,841.872,137333.0
2021-04-15,839.91,839.91,821.601,828.469,191775.0
2021-04-16,824.22,828.469,822.257,823.238,107666.0
2021-04-19,830.106,830.106,818.662,820.952,81360.0
2021-04-20,817.352,817.352,802.639,806.239,178013.0
2021-04-21,806.239,806.239,780.41,786.621,180460.0
2021-04-22,788.255,796.757,786.292,793.16,161498.0
2021-04-23,799.368,811.469,784.987,807.217,191473.0
2021-04-26,807.217,815.393,802.639,804.602,126016.0
2021-04-27,813.103,841.872,812.45,830.756,286594.0
2021-04-28,842.2,861.49,833.374,847.758,278336.0
2021-04-30,850.045,850.045,818.662,826.51,142532.0
2021-05-06,826.51,826.51,801.987,801.987,197589.0
2021-05-07,808.197,816.699,803.295,809.835,118980.0
2021-05-10,807.873,807.873,785.968,788.255,240408.0
2021-05-11,817.352,846.125,807.545,812.45,585118.0
2021-05-12,807.545,821.929,786.621,807.217,335535.0
2021-05-13,804.277,810.816,790.87,794.794,265492.0
2021-05-14,817.352,869.991,811.141,862.471,416895.0
2021-05-17,866.395,869.663,822.582,835.008,365815.0
2021-05-18,845.143,866.395,829.45,862.471,187493.0
2021-05-19,841.872,887.316,841.872,875.55,223895.0
2021-05-20,866.395,907.262,863.78,899.413,325132.0
2021-05-21,899.413,916.088,894.837,899.088,282008.0
2021-05-24,905.628,936.359,893.855,934.397,232458.0
2021-05-25,935.053,969.381,934.397,964.803,334005.0
2021-05-26,956.955,957.939,928.514,931.457,322993.0
2021-05-27,935.706,982.459,935.706,973.63,401293.0
2021-05-28,1036.4,1052.75,1003.71,1026.6,447787.0
2021-05-31,1046.22,1080.54,1021.7,1059.29,406800.0
2021-06-01,1039.67,1042.94,1006.98,1028.23,393651.0
2021-06-02,1028.23,1062.56,1026.6,1052.75,459105.0
2021-06-03,1072.37,1150.84,1070.74,1113.23,786379.0
2021-06-04,1078.91,1080.54,1036.4,1044.57,639258.0
2021-06-07,1039.67,1093.61,1028.23,1087.08,374990.0
2021-06-08,1106.7,1154.1,1106.7,1141.02,410471.0
2021-06-09,1175.36,1191.7,1147.57,1175.36,589399.0
2021-06-10,1160.64,1180.26,1145.93,1149.2,389062.0
2021-06-11,1137.75,1176.99,1119.77,1170.45,392426.0
2021-06-14,1162.27,1204.78,1162.27,1203.14,303722.0
2021-06-15,1209.68,1209.68,1181.89,1190.06,378966.0
2021-06-16,1176.99,1198.24,1154.1,1190.06,358779.0
2021-06-17,1172.09,1172.09,1152.47,1163.91,340121.0
2021-06-18,1141.02,1145.93,1093.61,1096.89,573496.0
2021-06-21,1074.01,1111.6,1057.65,1106.7,630387.0
2021-06-22,1132.85,1141.02,1119.77,1127.95,215329.0
2021-06-23,1111.6,1123.05,1105.06,1111.6,262737.0
2021-06-24,1126.31,1159.0,1106.7,1159.0,313818.0
2021-06-25,1173.72,1173.72,1139.39,1142.66,220223.0
2021-06-28,1147.57,1168.81,1132.85,1168.81,146204.0
2021-06-29,1159.0,1163.91,1145.93,1150.84,145287.0
2021-06-30,1139.39,1160.64,1137.75,1147.57,148346.0
2021-07-01,1152.47,1163.91,1119.77,1129.58,205846.0
2021-07-02,1136.12,1150.84,1132.85,1139.39,127241.0
2021-07-05,1137.75,1144.29,1127.95,1137.75,116838.0
2021-07-06,1137.75,1145.93,1131.22,1136.12,88700.6
2021-07-07,1119.77,1163.91,1114.87,1163.91,246529.0
2021-07-08,1163.91,1173.72,1137.75,1137.75,171895.0
2021-07-09,1114.87,1134.49,1108.33,1131.22,317794.0
2021-07-12,1136.12,1163.91,1127.95,1132.85,248364.0
2021-07-13,1149.2,1181.89,1137.75,1176.99,301888.0
2021-07-14,1185.16,1217.85,1178.63,1190.06,243775.0
2021-07-15,1190.06,1206.41,1163.91,1178.63,168531.0
2021-07-16,1168.81,1198.24,1167.17,1180.26,171590.0
2021-07-19,1168.81,1168.81,1139.39,1139.39,172812.0
2021-07-20,1139.39,1147.57,1118.13,1124.68,169143.0
2021-07-21,1147.57,1175.36,1142.66,1157.37,176484.0
2021-07-26,1168.81,1199.88,1163.91,1180.26,170060.0
2021-07-27,1199.88,1257.09,1183.53,1250.55,417200.0
2021-07-28,1237.47,1239.1,1139.39,1150.84,719393.0
2021-07-29,1150.84,1154.1,1098.53,1132.85,452986.0
2021-07-30,1114.87,1119.77,1077.27,1093.61,473786.0
2021-08-02,1093.61,1126.31,1090.34,1119.77,153544.0
2021-08-03,1106.7,1119.77,1095.25,1095.25,123877.0
2021-08-04,1087.08,1111.6,1083.81,1083.81,197896.0
2021-08-05,1095.25,1126.31,1095.25,1113.23,153237.0
2021-08-06,1113.23,1114.87,1095.25,1105.06,152015.0
2021-08-10,1087.08,1131.22,1070.74,1090.34,292408.0
2021-08-11,1111.6,1118.13,1074.01,1080.54,117146.0
2021-08-12,1062.56,1065.83,1033.14,1046.22,275581.0
2021-08-13,1046.22,1060.92,1021.7,1046.22,178931.0
2021-08-16,1054.39,1075.64,1047.85,1051.12,166084.0
2021-08-17,1051.12,1080.54,1051.12,1060.92,247748.0
2021-08-18,1056.02,1060.92,1033.14,1042.94,159660.0
2021-08-19,1033.14,1049.48,1024.96,1029.87,128463.0
2021-08-20,1013.51,1029.87,995.534,1006.98,230011.0
2021-08-23,1029.87,1052.75,1026.6,1036.4,127851.0
2021-08-24,1054.39,1085.44,1054.39,1077.27,212270.0
2021-08-25,1100.16,1106.7,1087.08,1090.34,138251.0
2021-08-26,1090.34,1116.5,1090.34,1098.53,128768.0
2021-08-27,1080.54,1087.08,1069.09,1082.18,98488.2
2021-08-30,1106.7,1121.41,1095.25,1101.8,188718.0
2021-08-31,1114.87,1142.66,1114.87,1124.68,157216.0
2021-09-01,1119.77,1142.66,1116.5,1142.66,294547.0
2021-09-02,1155.74,1159.0,1127.95,1127.95,124486.0
2021-09-03,1144.29,1160.64,1136.12,1149.2,113782.0
2021-09-06,1162.27,1183.53,1150.84,1154.1,108583.0
2021-09-07,1167.17,1194.97,1160.64,1172.09,231236.0
2021-09-08,1185.16,1204.78,1176.99,1198.24,202178.0
2021-09-09,1198.24,1198.24,1168.81,1170.45,94819.4
2021-09-10,1170.45,1206.41,1170.45,1204.78,137026.0
2021-09-13,1190.06,1201.51,1186.79,1198.24,110113.0
2021-09-14,1198.24,1226.03,1194.97,1222.76,179235.0
2021-09-15,1204.78,1219.5,1196.61,1204.78,140088.0
2021-09-16,1194.97,1201.51,1152.47,1170.45,230928.0
2021-09-17,1168.81,1194.97,1159.0,1191.7,149568.0
2021-09-21,1129.58,1150.84,1111.6,1134.49,236126.0
2021-09-22,1139.39,1147.57,1123.05,1124.68,129993.0
2021-09-24,1163.91,1173.72,1152.47,1168.81,144062.0
2021-09-27,1178.63,1201.51,1173.72,1173.72,145896.0
2021-09-28,1178.63,1178.63,1147.57,1150.84,101852.0
2021-09-29,1121.2,1164.0,1119.56,1159.06,165209.0
2021-09-30,1157.42,1162.36,1149.19,1149.19,82301.3
2021-10-01,1126.14,1126.14,1081.68,1093.21,337402.0
2021-10-04,1101.44,1108.02,1070.16,1073.45,135143.0
2021-10-05,1053.69,1061.93,1022.41,1043.82,219267.0
2021-10-06,1066.87,1099.8,1047.11,1052.05,177054.0
2021-10-07,1056.98,1086.62,1056.98,1063.58,133016.0
2021-10-08,1091.57,1112.96,1084.97,1096.5,145468.0
2021-10-11,1103.09,1126.14,1093.21,1117.91,104166.0
2021-10-12,1127.78,1127.78,1093.21,1098.15,86247.7
2021-10-13,1106.38,1111.32,1086.62,1086.62,82603.0
2021-10-14,1084.97,1096.5,1073.45,1089.92,83212.5
2021-10-15,1101.44,1108.02,1058.63,1065.22,192236.0
2021-10-18,1076.74,1081.68,1053.69,1055.34,177660.0
2021-10-19,1061.93,1065.22,1048.76,1058.63,132409.0
2021-10-20,1070.16,1075.1,1055.34,1058.63,110240.0
2021-10-21,1058.63,1058.63,1030.64,1030.64,157919.0
2021-10-22,1017.48,1042.17,1014.18,1029.0,151541.0
2021-10-25,1025.7,1048.76,1017.48,1038.88,155186.0
2021-10-26,1038.88,1048.76,1030.64,1040.53,153668.0
2021-10-27,1035.59,1042.17,1015.83,1024.06,119656.0
2021-10-28,1024.06,1033.94,1014.18,1014.18,454627.0
2021-10-29,1014.18,1032.29,1012.54,1022.41,108115.0
2021-11-01,1030.64,1053.69,1030.64,1053.69,124514.0
2021-11-02,1053.69,1070.16,1053.69,1061.93,119656.0
2021-11-04,1078.39,1088.27,1058.63,1068.52,192541.0
2021-11-05,1068.52,1081.68,1053.69,1073.45,192236.0
2021-11-08,1119.56,1229.86,1119.56,1229.86,918065.0
2021-11-09,1218.33,1297.36,1203.52,1282.55,662960.0
2021-11-10,1279.25,1285.84,1243.03,1249.61,239916.0
2021-11-11,1238.09,1325.35,1223.27,1280.89,456754.0
2021-11-12,1280.89,1287.49,1241.38,1247.97,167336.0
2021-11-15,1257.85,1275.96,1216.69,1262.79,209244.0
2021-11-16,1275.96,1289.13,1236.45,1236.45,148201.0
2021-11-17,1231.51,1259.5,1226.57,1229.86,94753.0
2021-11-18,1221.62,1249.61,1216.69,1216.69,106293.0
2021-11-19,1231.51,1243.03,1187.05,1190.34,185861.0
2021-11-22,1195.28,1215.04,1188.7,1205.17,93232.4
2021-11-24,1205.17,1223.27,1193.64,1210.1,123298.0
2021-11-25,1233.16,1261.14,1228.22,1259.5,114189.0
2021-11-26,1295.72,1297.36,1226.57,1229.86,155795.0
2021-11-29,1195.28,1213.4,1167.29,1172.24,252066.0
2021-11-30,1182.12,1193.64,1139.3,1152.48,233842.0
2021-12-01,1157.42,1165.65,1104.73,1149.19,289116.0
2021-12-02,1147.54,1147.54,1096.5,1122.85,253888.0
2021-12-03,1131.08,1182.12,1131.08,1182.12,308248.0
2021-12-06,1182.12,1185.41,1121.2,1149.19,321004.0
2021-12-07,1159.06,1196.93,1159.06,1193.64,131803.0
2021-12-08,1223.27,1267.73,1216.69,1267.73,192541.0
2021-12-09,1259.5,1277.6,1234.8,1267.73,153973.0
2021-12-10,1262.79,1272.66,1215.04,1221.62,131803.0
2021-12-13,1243.03,1254.56,1223.27,1238.09,54359.6
2021-12-14,1238.09,1272.66,1201.88,1215.04,152452.0
2021-12-15,1208.46,1233.16,1185.41,1195.28,172498.0
2021-12-16,1236.45,1257.85,1224.92,1241.38,129981.0
2021-12-17,1221.62,1224.92,1182.12,1201.88,187985.0
2021-12-20,1191.99,1191.99,1137.66,1149.19,242954.0
2021-12-21,1165.65,1170.59,1131.08,1164.0,138483.0
2021-12-22,1177.18,1190.34,1168.94,1188.7,133016.0
2021-12-23,1195.28,1210.1,1182.12,1200.23,62560.2
2021-12-24,1201.88,1206.81,1188.7,1205.17,112973.0
2021-12-27,1203.52,1203.52,1164.0,1188.7,110849.0
2021-12-28,1201.88,1231.51,1201.88,1228.22,194668.0
2021-12-29,1223.27,1246.32,1208.46,1231.51,87768.4
2021-12-30,1231.51,1259.5,1213.4,1243.03,72884.8
2022-01-04,1249.61,1259.5,1213.4,1218.33,106595.0
2022-01-05,1218.33,1218.33,1172.24,1175.53,117529.0
2022-01-06,1152.48,1152.48,1104.73,1106.38,217444.0
2022-01-07,1173.89,1193.64,1162.36,1187.05,432457.0
2022-01-11,1170.59,1173.89,1142.6,1173.89,236881.0
2022-01-12,1175.53,1224.92,1175.53,1223.27,170371.0
2022-01-13,1210.1,1218.33,1180.47,1206.81,140610.0
2022-01-14,1193.64,1205.17,1180.47,1195.28,140610.0
2022-01-17,1187.05,1195.28,1155.77,1164.0,93537.1
2022-01-18,1168.94,1187.05,1157.42,1168.94,126641.0
2022-01-19,1147.54,1147.54,1112.96,1119.56,228680.0
2022-01-20,1103.09,1132.72,1096.5,1126.14,152151.0
2022-01-21,1091.57,1124.49,1088.27,1124.49,247812.0
2022-01-24,1109.67,1142.6,1093.21,1139.3,153363.0
2022-01-25,1139.3,1144.25,1091.57,1104.73,280309.0
2022-01-26,1109.67,1152.48,1096.5,1145.9,189503.0
2022-01-27,1150.84,1159.06,1101.44,1108.02,358661.0
2022-01-28,1131.08,1139.3,1084.97,1134.37,239005.0
2022-01-31,1136.01,1196.93,1129.43,1188.7,382044.0
2022-02-01,1208.46,1223.27,1180.47,1196.93,411199.0
2022-02-02,1226.57,1289.13,1196.93,1213.4,614674.0
2022-02-03,1213.4,1259.5,1210.1,1244.68,307337.0
2022-02-04,1267.73,1277.6,1228.22,1251.26,172800.0
2022-02-07,1251.26,1275.96,1233.16,1254.56,197401.0
2022-02-08,1244.68,1257.85,1231.51,1238.09,108417.0
2022-02-09,1251.26,1259.5,1236.45,1252.91,126641.0
2022-02-10,1267.73,1310.54,1259.5,1310.54,246294.0
2022-02-14,1277.6,1290.78,1267.73,1275.96,192846.0
2022-02-15,1300.65,1315.48,1274.31,1299.01,234147.0
2022-02-16,1317.12,1354.98,1308.88,1354.98,297012.0
2022-02-17,1359.92,1430.72,1358.28,1427.43,432762.0
2022-02-18,1382.97,1427.43,1374.74,1419.19,311588.0
2022-02-21,1386.27,1391.2,1359.92,1369.81,395407.0
2022-02-22,1350.05,1364.87,1336.88,1351.69,344994.0
2022-02-24,1361.57,1424.14,1356.63,1396.15,416364.0
2022-02-25,1401.09,1425.78,1343.46,1359.92,351070.0
2022-02-28,1358.28,1381.33,1345.11,1361.57,250850.0
2022-03-01,1378.04,1412.61,1359.92,1363.21,178572.0
2022-03-02,1346.76,1350.05,1292.42,1300.65,385387.0
2022-03-03,1320.41,1320.41,1277.6,1295.72,173104.0
2022-03-04,1272.66,1279.25,1210.1,1243.03,452503.0
2022-03-07,1219.98,1233.16,1172.24,1188.7,195579.0
2022-03-08,1165.65,1191.99,1142.6,1154.13,258441.0
2022-03-09,1162.36,1168.94,1126.14,1154.13,220480.0
2022-03-10,1213.4,1216.69,1180.47,1205.17,175533.0
2022-03-11,1185.41,1211.75,1172.24,1198.57,160046.0
2022-03-14,1198.57,1243.03,1198.57,1224.92,185861.0
2022-03-15,1233.16,1246.32,1203.52,1213.4,152452.0
2022-03-16,1233.16,1241.38,1185.41,1236.45,186467.0
2022-03-17,1259.5,1271.02,1223.27,1238.09,246294.0
2022-03-18,1231.51,1256.21,1224.92,1246.32,98397.7
2022-03-22,1267.73,1274.31,1249.61,1267.73,132409.0
2022-03-23,1275.96,1275.96,1252.91,1256.21,151846.0
2022-03-24,1256.21,1299.01,1239.74,1292.42,192541.0
2022-03-25,1295.72,1307.24,1274.31,1274.31,110240.0
2022-03-28,1257.85,1257.85,1223.27,1244.68,155795.0
2022-03-29,1246.32,1267.73,1229.86,1262.79,104471.0
2022-03-30,1284.34,1299.25,1254.51,1299.25,142408.0
2022-03-31,1285.99,1348.97,1276.04,1340.67,306239.0
2022-04-01,1325.76,1365.53,1305.87,1340.67,145425.0
2022-04-04,1342.33,1405.3,1334.05,1397.02,229302.0
2022-04-05,1392.05,1426.85,1382.11,1410.28,257663.0
2022-04-06,1400.33,1401.99,1362.22,1390.39,195208.0
2022-04-07,1378.8,1390.39,1329.08,1343.99,192191.0
2022-04-08,1343.99,1367.19,1315.82,1322.45,146330.0
2022-04-11,1322.45,1350.62,1295.93,1327.42,111935.0
2022-04-12,1314.16,1329.08,1297.59,1297.59,108616.0
2022-04-13,1292.62,1322.45,1282.67,1322.45,110125.0
2022-04-14,1334.05,1340.67,1309.19,1315.82,60644.3
2022-04-15,1315.82,1330.73,1300.9,1329.08,70902.6
2022-04-18,1330.73,1352.28,1319.14,1329.08,148744.0
2022-04-19,1339.02,1363.88,1332.39,1345.64,127323.0
2022-04-20,1358.91,1375.47,1345.64,1355.59,137279.0
2022-04-21,1367.19,1377.14,1347.31,1365.53,118875.0
2022-04-22,1342.33,1348.97,1327.42,1327.42,81462.5
2022-04-25,1304.22,1304.22,1254.51,1259.48,207880.0
2022-04-26,1274.39,1274.39,1224.68,1254.51,126719.0
2022-04-27,1226.33,1261.13,1214.73,1257.82,170166.0
2022-04-28,1259.48,1289.31,1239.59,1284.34,146632.0
2022-05-02,1282.67,1284.34,1244.56,1259.48,132452.0
2022-05-06,1257.82,1277.7,1237.93,1274.39,152968.0
2022-05-09,1284.34,1285.99,1211.41,1221.35,453776.0
2022-05-10,1194.85,1229.65,1178.27,1229.65,238956.0
2022-05-11,1247.87,1257.82,1229.65,1249.53,164735.0
2022-05-12,1249.53,1249.53,1196.5,1198.16,201242.0
2022-05-13,1189.87,1219.7,1181.58,1206.44,209992.0
2022-05-16,1223.02,1237.93,1206.44,1218.04,181329.0
2022-05-17,1229.65,1261.13,1229.65,1252.84,120685.0
2022-05-18,1259.48,1277.7,1254.51,1267.76,177407.0
2022-05-19,1244.56,1259.48,1231.3,1244.56,198225.0
2022-05-20,1252.84,1290.96,1252.84,1289.31,194605.0
2022-05-23,1297.59,1325.76,1297.59,1312.5,194001.0
2022-05-24,1334.05,1334.05,1289.31,1289.31,84781.4
2022-05-25,1300.9,1317.48,1285.99,1317.48,109823.0
2022-05-26,1317.48,1353.94,1314.16,1322.45,192794.0
2022-05-27,1345.64,1362.22,1337.36,1360.56,112237.0
2022-05-30,1375.47,1380.45,1339.02,1358.91,162623.0
2022-05-31,1358.91,1365.53,1345.64,1350.62,86893.4
2022-06-01,1350.62,1360.56,1310.84,1315.82,105297.0
2022-06-02,1302.56,1302.56,1254.51,1262.79,219345.0
2022-06-03,1271.07,1289.31,1261.13,1289.31,113142.0
2022-06-06,1279.36,1305.87,1274.39,1297.59,105599.0
2022-06-07,1299.25,1310.84,1272.73,1272.73,88703.7
2022-06-08,1281.01,1299.25,1277.7,1295.93,77540.3
2022-06-09,1287.65,1300.9,1279.36,1289.31,85988.2
2022-06-10,1269.42,1281.01,1257.82,1281.01,177709.0
2022-06-13,1254.51,1277.7,1242.9,1267.76,140296.0
2022-06-14,1244.56,1297.59,1244.56,1297.59,166545.0
2022-06-15,1274.39,1299.25,1271.07,1271.07,164735.0
2022-06-16,1282.67,1287.65,1226.33,1232.96,210595.0
2022-06-17,1209.76,1236.27,1209.76,1229.65,165942.0
2022-06-20,1247.87,1247.87,1173.3,1199.82,219949.0
2022-06-21,1246.21,1285.99,1229.65,1274.39,214518.0
2022-06-22,1281.01,1299.25,1256.16,1287.65,200941.0
2022-06-23,1297.59,1300.9,1254.51,1256.16,135770.0
2022-06-24,1295.93,1307.53,1277.7,1307.53,113444.0
2022-06-27,1319.14,1319.14,1282.67,1295.93,86893.4
2022-06-28,1287.65,1299.25,1277.7,1289.31,106203.0
2022-06-29,1292.62,1342.33,1281.01,1337.36,191286.0
2022-06-30,1314.16,1330.73,1277.7,1290.96,121590.0
2022-07-01,1284.34,1315.82,1279.36,1290.96,118875.0
2022-07-04,1294.28,1310.84,1272.73,1309.19,110125.0
2022-07-05,1309.19,1362.22,1309.19,1352.28,212104.0
2022-07-06,1357.25,1390.39,1350.62,1380.45,278179.0
2022-07-07,1395.36,1473.26,1392.05,1473.26,483948.0
2022-07-08,1479.88,1479.88,1428.51,1440.11,395546.0
2022-07-11,1458.34,1469.94,1430.16,1448.4,262792.0
2022-07-12,1440.11,1448.4,1411.94,1436.79,131848.0
2022-07-13,1433.48,1440.11,1408.63,1423.54,87798.5
2022-07-14,1406.96,1438.45,1398.68,1435.13,111332.0
2022-07-15,1423.54,1446.74,1408.63,1436.79,79350.5
2022-07-19,1436.79,1461.65,1415.25,1455.02,149649.0
2022-07-20,1461.65,1499.76,1458.34,1498.11,204259.0
2022-07-21,1567.72,1569.37,1455.02,1461.65,623641.0
2022-07-22,1448.4,1478.23,1441.77,1451.71,219949.0
2022-07-25,1469.94,1503.09,1456.68,1491.48,276671.0
2022-07-26,1501.43,1518.0,1486.51,1493.14,161114.0
2022-07-27,1484.85,1529.59,1481.54,1506.4,198527.0
2022-07-28,1529.59,1534.57,1503.09,1534.57,259775.0
2022-07-29,1541.2,1541.2,1506.4,1508.06,224474.0
2022-08-01,1476.57,1549.48,1476.57,1549.48,309256.0
2022-08-02,1556.11,1584.28,1536.23,1577.66,262792.0
2022-08-03,1577.66,1592.57,1559.42,1589.25,203053.0
2022-08-04,1595.89,1634.0,1579.31,1634.0,193096.0
2022-08-05,1647.26,1696.98,1647.26,1660.52,273653.0
2022-08-08,1650.57,1667.15,1612.46,1635.66,289946.0
2022-08-09,1643.94,1655.55,1627.38,1643.94,143313.0
2022-08-10,1643.94,1667.15,1630.69,1650.57,143615.0
2022-08-12,1657.21,1696.98,1648.91,1655.55,183743.0
2022-08-15,1655.55,1693.66,1634.0,1690.35,201846.0
2022-08-16,1663.83,1683.71,1645.6,1653.88,170769.0
2022-08-17,1670.46,1700.29,1652.23,1667.15,217535.0
2022-08-18,1655.55,1680.4,1625.72,1667.15,181933.0
2022-08-19,1670.46,1690.35,1667.15,1683.71,196113.0
2022-08-22,1683.71,1743.37,1667.15,1726.81,347272.0
2022-08-23,1723.49,1769.89,1700.29,1769.89,296584.0
2022-08-24,1750.01,1759.95,1733.43,1756.64,237146.0
2022-08-25,1756.64,1779.84,1743.37,1773.2,224172.0
2022-08-26,1759.95,1763.26,1723.49,1726.81,207880.0
2022-08-29,1687.04,1733.43,1680.4,1726.81,247103.0
2022-08-30,1731.11,1747.02,1704.27,1730.12,191789.0
2022-08-31,1696.31,1728.13,1690.35,1728.13,258870.0
2022-09-01,1713.22,1739.07,1685.37,1687.36,249718.0
2022-09-02,1694.32,1719.18,1691.34,1711.23,203857.0
2022-09-05,1705.26,1731.11,1685.37,1727.14,228296.0
2022-09-06,1716.2,1718.19,1689.35,1699.3,239761.0
2022-09-07,1719.18,1809.66,1714.21,1801.71,508085.0
2022-09-08,1839.49,1856.4,1816.63,1856.4,405301.0
2022-09-09,1836.51,1901.14,1836.51,1897.17,316195.0
2022-09-12,1902.14,1945.89,1899.15,1926.0,233425.0
2022-09-13,1911.09,1922.02,1865.35,1871.31,392026.0
2022-09-14,1846.45,1896.17,1843.47,1889.21,277777.0
2022-09-15,1905.12,1922.02,1892.19,1910.09,262490.0
2022-09-16,1909.1,1951.85,1878.27,1880.26,1999755.0
2022-09-20,1889.21,1937.93,1889.21,1934.95,277676.0
2022-09-21,1902.14,1907.11,1849.44,1869.32,316798.0
2022-09-22,1834.52,1846.45,1807.68,1841.48,274458.0
2022-09-26,1799.72,1807.68,1763.93,1769.89,363564.0
2022-09-27,1769.89,1793.76,1754.98,1786.8,238655.0
2022-09-28,1753.98,1772.88,1713.22,1751.0,445932.0
2022-09-29,1791.0,1801.0,1763.0,1790.0,222300.0
2022-09-30,1770.0,1792.0,1755.0,1777.0,182900.0
2022-10-03,1749.0,1783.0,1719.0,1779.0,203600.0
2022-10-04,1819.0,1839.0,1765.0,1773.0,244300.0
2022-10-05,1773.0,1774.0,1689.0,1689.0,269700.0
2022-10-06,1686.0,1723.0,1686.0,1707.0,240000.0
2022-10-07,1669.0,1689.0,1632.0,1645.0,282700.0
2022-10-11,1612.0,1626.0,1602.0,1606.0,350200.0
2022-10-12,1585.0,1608.0,1575.0,1576.0,237400.0
2022-10-13,1565.0,1590.0,1557.0,1578.0,296000.0
2022-10-14,1618.0,1651.0,1605.0,1634.0,204500.0
2022-10-17,1620.0,1633.0,1597.0,1602.0,136200.0
2022-10-18,1634.0,1659.0,1629.0,1656.0,104900.0
2022-10-19,1654.0,1657.0,1612.0,1616.0,108300.0
2022-10-20,1590.0,1610.0,1560.0,1568.0,202300.0
2022-10-21,1569.0,1600.0,1569.0,1580.0,142000.0
2022-10-24,1588.0,1602.0,1566.0,1566.0,125000.0
2022-10-25,1581.0,1587.0,1561.0,1572.0,132100.0
2022-10-26,1604.0,1628.0,1600.0,1618.0,198200.0
2022-10-27,1627.0,1643.0,1618.0,1630.0,138800.0
2022-10-28,1616.0,1665.0,1616.0,1631.0,270400.0
2022-10-31,1751.0,1785.0,1704.0,1765.0,557500.0
2022-11-01,1768.0,1789.0,1732.0,1765.0,214900.0
2022-11-02,1761.0,1833.0,1760.0,1826.0,388200.0
2022-11-04,1810.0,1817.0,1785.0,1788.0,211800.0
2022-11-07,1788.0,1788.0,1745.0,1758.0,225600.0
2022-11-08,1747.0,1802.0,1747.0,1786.0,175300.0
2022-11-09,1803.0,1843.0,1794.0,1821.0,148500.0
2022-11-10,1833.0,1864.0,1826.0,1862.0,173700.0
2022-11-11,1884.0,1884.0,1802.0,1819.0,245000.0
2022-11-14,1811.0,1818.0,1735.0,1738.0,396900.0
2022-11-15,1711.0,1715.0,1658.0,1684.0,356800.0
2022-11-16,1702.0,1752.0,1692.0,1738.0,204700.0
2022-11-17,1716.0,1754.0,1693.0,1754.0,211000.0
2022-11-18,1790.0,1815.0,1731.0,1735.0,376000.0
2022-11-21,1748.0,1789.0,1748.0,1789.0,185100.0
2022-11-22,1789.0,1799.0,1771.0,1783.0,126300.0
2022-11-24,1795.0,1840.0,1795.0,1839.0,170500.0
2022-11-25,1848.0,1943.0,1839.0,1903.0,337500.0
2022-11-28,1903.0,1932.0,1888.0,1917.0,182200.0
2022-11-29,1910.0,1950.0,1894.0,1950.0,156800.0
2022-11-30,1959.0,1983.0,1915.0,1925.0,240100.0
2022-12-01,1918.0,1927.0,1865.0,1865.0,119700.0
2022-12-02,1844.0,1848.0,1810.0,1822.0,125900.0
2022-12-05,1815.0,1830.0,1784.0,1791.0,70600.0
2022-12-06,1767.0,1809.0,1738.0,1797.0,195400.0
2022-12-07,1790.0,1795.0,1760.0,1773.0,90900.0
2022-12-08,1795.0,1796.0,1740.0,1773.0,91800.0
2022-12-09,1758.0,1815.0,1758.0,1810.0,119800.0
2022-12-12,1791.0,1794.0,1735.0,1754.0,173300.0
2022-12-13,1779.0,1812.0,1775.0,1780.0,128900.0
2022-12-14,1780.0,1807.0,1767.0,1807.0,119000.0
2022-12-15,1785.0,1829.0,1780.0,1822.0,102000.0
2022-12-16,1800.0,1835.0,1795.0,1795.0,167300.0
2022-12-19,1783.0,1834.0,1770.0,1830.0,121100.0
2022-12-20,1800.0,1829.0,1690.0,1700.0,350400.0
2022-12-21,1656.0,1658.0,1566.0,1637.0,470800.0
2022-12-22,1659.0,1659.0,1603.0,1626.0,212100.0
2022-12-23,1645.0,1694.0,1635.0,1643.0,248300.0
2022-12-26,1646.0,1668.0,1635.0,1649.0,140400.0
2022-12-27,1653.0,1719.0,1653.0,1711.0,138600.0
2022-12-28,1711.0,1755.0,1692.0,1724.0,214400.0
2022-12-29,1728.0,1728.0,1702.0,1725.0,110700.0
2022-12-30,1739.0,1768.0,1730.0,1737.0,104600.0
2023-01-04,1719.0,1719.0,1621.0,1624.0,217200.0
2023-01-05,1618.0,1634.0,1592.0,1607.0,161600.0
2023-01-06,1592.0,1615.0,1586.0,1598.0,152800.0
2023-01-10,1610.0,1635.0,1600.0,1600.0,204800.0
2023-01-11,1620.0,1629.0,1583.0,1598.0,121000.0
2023-01-12,1598.0,1605.0,1542.0,1552.0,319500.0
2023-01-13,1535.0,1542.0,1523.0,1537.0,210700.0
2023-01-16,1500.0,1527.0,1489.0,1507.0,191100.0
2023-01-17,1522.0,1535.0,1493.0,1496.0,173200.0
2023-01-18,1510.0,1591.0,1503.0,1588.0,234500.0
2023-01-19,1569.0,1577.0,1541.0,1548.0,98300.0
2023-01-20,1552.0,1579.0,1550.0,1562.0,132400.0
2023-01-23,1594.0,1612.0,1573.0,1606.0,123800.0
2023-01-24,1622.0,1627.0,1604.0,1612.0,128100.0
2023-01-25,1612.0,1635.0,1601.0,1613.0,83200.0
2023-01-26,1613.0,1625.0,1602.0,1616.0,69000.0
2023-01-27,1620.0,1620.0,1587.0,1593.0,94300.0
2023-01-30,1590.0,1600.0,1577.0,1583.0,129600.0
2023-01-31,1591.0,1599.0,1576.0,1596.0,102200.0
2023-02-01,1600.0,1604.0,1573.0,1580.0,109300.0
2023-02-02,1586.0,1603.0,1576.0,1582.0,97700.0
2023-02-03,1578.0,1597.0,1567.0,1582.0,210800.0
2023-02-06,1622.0,1650.0,1570.0,1600.0,350800.0
2023-02-07,1624.0,1665.0,1616.0,1651.0,206600.0
2023-02-08,1652.0,1652.0,1606.0,1624.0,250100.0
2023-02-09,1611.0,1640.0,1595.0,1638.0,163300.0
2023-02-10,1607.0,1627.0,1593.0,1598.0,181300.0
2023-02-13,1598.0,1602.0,1576.0,1593.0,143800.0
2023-02-14,1602.0,1607.0,1581.0,1582.0,79900.0
2023-02-15,1575.0,1580.0,1552.0,1566.0,124100.0
2023-02-16,1583.0,1620.0,1583.0,1614.0,124700.0
2023-02-17,1597.0,1597.0,1538.0,1564.0,198200.0
2023-02-20,1579.0,1607.0,1555.0,1556.0,179200.0
2023-02-21,1562.0,1579.0,1555.0,1565.0,81300.0
2023-02-22,1550.0,1550.0,1529.0,1542.0,156200.0
2023-02-24,1541.0,1545.0,1526.0,1537.0,138300.0
2023-02-27,1538.0,1581.0,1538.0,1557.0,127900.0
2023-02-28,1570.0,1607.0,1564.0,1600.0,219900.0
2023-03-01,1600.0,1605.0,1583.0,1588.0,98300.0
2023-03-02,1617.0,1643.0,1611.0,1637.0,193900.0
2023-03-03,1645.0,1666.0,1636.0,1655.0,188500.0
2023-03-06,1675.0,1676.0,1604.0,1606.0,222600.0
2023-03-07,1601.0,1631.0,1597.0,1626.0,135700.0
2023-03-08,1631.0,1674.0,1631.0,1653.0,108700.0
2023-03-09,1674.0,1682.0,1651.0,1655.0,91400.0
2023-03-10,1624.0,1658.0,1621.0,1650.0,155600.0
2023-03-13,1610.0,1623.0,1592.0,1615.0,129400.0
2023-03-14,1598.0,1607.0,1548.0,1567.0,207800.0
2023-03-15,1594.0,1599.0,1563.0,1572.0,108600.0
2023-03-16,1525.0,1542.0,1514.0,1532.0,139300.0
2023-03-17,1566.0,1619.0,1558.0,1610.0,177100.0
2023-03-20,1595.0,1595.0,1537.0,1539.0,124700.0
2023-03-22,1576.0,1585.0,1569.0,1576.0,79800.0
2023-03-23,1550.0,1584.0,1542.0,1583.0,89900.0
2023-03-24,1587.0,1587.0,1552.0,1576.0,92800.0
2023-03-27,1595.0,1640.0,1595.0,1628.0,111500.0
2023-03-28,1637.0,1637.0,1600.0,1616.0,78200.0
2023-03-29,1620.0,1665.0,1620.0,1665.0,117200.0
2023-03-30,1683.0,1685.0,1656.0,1676.0,104500.0
2023-03-31,1682.0,1698.0,1676.0,1695.0,143900.0
2023-04-03,1710.0,1719.0,1700.0,1713.0,79200.0
2023-04-04,1704.0,1705.0,1638.0,1643.0,215000.0
2023-04-05,1629.0,1629.0,1596.0,1598.0,162100.0
2023-04-06,1590.0,1608.0,1581.0,1598.0,88900.0
2023-04-07,1614.0,1626.0,1604.0,1614.0,52700.0
2023-04-10,1637.0,1643.0,1606.0,1626.0,63200.0
2023-04-11,1641.0,1642.0,1596.0,1604.0,100700.0
2023-04-12,1604.0,1613.0,1599.0,1610.0,72300.0
2023-04-13,1600.0,1611.0,1591.0,1611.0,69200.0
2023-04-14,1635.0,1644.0,1625.0,1640.0,93100.0
2023-04-17,1666.0,1666.0,1643.0,1660.0,99000.0
2023-04-18,1670.0,1671.0,1656.0,1666.0,74300.0
2023-04-19,1661.0,1663.0,1607.0,1619.0,116200.0
2023-04-20,1605.0,1635.0,1592.0,1619.0,92300.0
2023-04-21,1600.0,1612.0,1590.0,1609.0,84000.0
2023-04-24,1609.0,1615.0,1598.0,1601.0,58000.0
2023-04-25,1616.0,1621.0,1595.0,1596.0,106700.0
2023-04-26,1590.0,1590.0,1556.0,1558.0,131800.0
2023-04-27,1551.0,1596.0,1548.0,1591.0,127400.0
2023-04-28,1616.0,1630.0,1600.0,1621.0,123200.0
2023-05-01,1632.0,1648.0,1615.0,1640.0,212000.0
2023-05-02,1685.0,1728.0,1672.0,1715.0,596400.0
2023-05-08,1675.0,1745.0,1623.0,1640.0,999200.0
2023-05-09,1700.0,1782.0,1672.0,1674.0,709300.0
2023-05-10,1679.0,1693.0,1619.0,1622.0,247200.0
2023-05-11,1606.0,1638.0,1601.0,1622.0,163200.0
2023-05-12,1593.0,1601.0,1565.0,1594.0,267400.0
2023-05-15,1580.0,1612.0,1571.0,1611.0,213600.0
2023-05-16,1635.0,1635.0,1590.0,1600.0,120400.0
2023-05-17,1590.0,1590.0,1551.0,1555.0,201600.0
2023-05-18,1575.0,1598.0,1572.0,1582.0,262100.0
2023-05-19,1600.0,1602.0,1571.0,1580.0,209600.0
2023-05-22,1580.0,1629.0,1580.0,1626.0,185100.0
2023-05-23,1635.0,1667.0,1582.0,1592.0,217500.0
2023-05-24,1583.0,1598.0,1570.0,1598.0,204200.0
2023-05-25,1600.0,1623.0,1577.0,1585.0,163300.0
2023-05-26,1562.0,1574.0,1544.0,1545.0,248300.0
2023-05-29,1565.0,1584.0,1552.0,1556.0,167200.0
2023-05-30,1548.0,1558.0,1521.0,1553.0,160900.0
2023-05-31,1534.0,1541.0,1492.0,1503.0,346600.0
2023-06-01,1500.0,1546.0,1500.0,1537.0,190300.0
2023-06-02,1544.0,1615.0,1541.0,1605.0,312400.0
2023-06-05,1625.0,1627.0,1605.0,1606.0,213700.0
2023-06-06,1590.0,1630.0,1583.0,1626.0,187500.0
2023-06-07,1635.0,1666.0,1618.0,1638.0,287800.0
2023-06-08,1625.0,1626.0,1572.0,1579.0,201200.0
2023-06-09,1600.0,1607.0,1581.0,1591.0,163900.0
2023-06-12,1586.0,1612.0,1572.0,1596.0,166800.0
2023-06-13,1623.0,1637.0,1609.0,1609.0,136400.0
2023-06-14,1627.0,1635.0,1606.0,1630.0,138900.0
2023-06-15,1630.0,1643.0,1610.0,1624.0,101400.0
2023-06-16,1629.0,1680.0,1623.0,1677.0,216100.0
2023-06-19,1703.0,1778.0,1693.0,1770.0,271500.0
2023-06-20,1779.0,1902.0,1776.0,1874.0,423400.0
2023-06-21,1818.0,1859.0,1786.0,1837.0,223100.0
2023-06-22,1809.0,1826.0,1773.0,1782.0,251200.0
2023-06-23,1833.0,1834.0,1719.0,1747.0,278600.0
2023-06-26,1758.0,1776.0,1741.0,1762.0,136200.0
2023-06-27,1742.0,1744.0,1697.0,1727.0,106300.0
2023-06-28,1744.0,1749.0,1688.0,1712.0,249300.0
2023-06-29,1722.0,1770.0,1720.0,1759.0,150300.0
2023-06-30,1740.0,1740.0,1697.0,1732.0,214200.0
2023-07-03,1762.0,1783.0,1752.0,1775.0,168000.0
2023-07-04,1788.0,1858.0,1788.0,1854.0,245000.0
2023-07-05,1814.0,1822.0,1765.0,1787.0,162500.0
2023-07-06,1776.0,1799.0,1757.0,1772.0,132400.0
2023-07-07,1725.0,1784.0,1697.0,1740.0,274200.0
2023-07-10,1732.0,1753.0,1700.0,1721.0,164600.0
2023-07-11,1744.0,1782.0,1733.0,1738.0,153900.0
2023-07-12,1723.0,1723.0,1675.0,1684.0,205800.0
2023-07-13,1712.0,1745.0,1685.0,1744.0,131000.0
2023-07-14,1768.0,1775.0,1728.0,1737.0,87200.0
2023-07-18,1744.0,1765.0,1730.0,1738.0,145900.0
2023-07-19,1739.0,1762.0,1708.0,1754.0,150200.0
2023-07-20,1753.0,1759.0,1726.0,1747.0,97900.0
2023-07-21,1742.0,1746.0,1716.0,1740.0,108500.0
2023-07-24,1755.0,1780.0,1747.0,1765.0,73600.0
2023-07-25,1765.0,1765.0,1708.0,1726.0,174300.0
2023-07-26,1723.0,1732.0,1695.0,1722.0,100800.0
2023-07-27,1720.0,1733.0,1710.0,1726.0,72900.0
2023-07-28,1710.0,1747.0,1701.0,1731.0,219700.0
2023-07-31,1851.0,1908.0,1785.0,1790.0,488000.0
2023-08-01,1771.0,1773.0,1717.0,1730.0,245800.0
2023-08-02,1731.0,1744.0,1703.0,1718.0,184000.0
2023-08-03,1698.0,1705.0,1648.0,1662.0,241800.0
2023-08-04,1689.0,1725.0,1681.0,1716.0,194600.0
2023-08-07,1708.0,1771.0,1702.0,1713.0,173900.0
2023-08-08,1701.0,1706.0,1652.0,1655.0,202300.0
2023-08-09,1630.0,1630.0,1596.0,1606.0,225000.0
2023-08-10,1592.0,1618.0,1578.0,1613.0,192900.0
2023-08-14,1637.0,1661.0,1594.0,1600.0,256300.0
2023-08-15,1593.0,1602.0,1578.0,1593.0,164800.0
2023-08-16,1572.0,1581.0,1556.0,1560.0,193100.0
2023-08-17,1559.0,1574.0,1541.0,1565.0,165200.0
2023-08-18,1540.0,1555.0,1533.0,1548.0,124700.0
2023-08-21,1543.0,1551.0,1536.0,1540.0,203700.0
2023-08-22,1538.0,1549.0,1534.0,1546.0,221800.0
2023-08-23,1506.0,1524.0,1475.0,1508.0,748600.0
2023-08-24,1570.0,1605.0,1552.0,1598.0,565700.0
2023-08-25,1588.0,1638.0,1567.0,1637.0,365900.0
2023-08-28,1642.0,1675.0,1618.0,1671.0,253500.0
2023-08-29,1688.0,1695.0,1651.0,1667.0,167900.0
2023-08-30,1678.0,1695.0,1664.0,1670.0,177700.0
2023-08-31,1661.0,1671.0,1627.0,1634.0,190300.0
2023-09-01,1660.0,1685.0,1652.0,1662.0,179100.0
2023-09-04,1680.0,1699.0,1679.0,1680.0,173500.0
2023-09-05,1688.0,1702.0,1684.0,1700.0,159800.0
2023-09-06,1684.0,1694.0,1637.0,1637.0,244000.0
2023-09-07,1631.0,1664.0,1630.0,1655.0,145600.0
2023-09-08,1629.0,1642.0,1604.0,1625.0,273200.0
2023-09-11,1638.0,1662.0,1586.0,1590.0,225000.0
2023-09-12,1602.0,1626.0,1583.0,1592.0,199800.0
2023-09-13,1580.0,1581.0,1542.0,1561.0,262800.0
2023-09-14,1571.0,1571.0,1544.0,1565.0,173600.0
2023-09-15,1579.0,1593.0,1563.0,1584.0,235500.0
2023-09-19,1594.0,1602.0,1564.0,1589.0,193800.0
2023-09-20,1580.0,1602.0,1572.0,1597.0,214000.0
2023-09-21,1570.0,1577.0,1542.0,1563.0,244400.0
2023-09-22,1550.0,1601.0,1537.0,1576.0,289900.0
2023-09-25,1590.0,1608.0,1571.0,1604.0,160600.0
2023-09-26,1611.0,1612.0,1586.0,1605.0,189000.0
2023-09-27,1568.0,1635.0,1551.0,1633.0,263600.0
2023-09-28,1604.0,1631.0,1597.0,1621.0,305100.0
2023-09-29,1611.0,1630.0,1573.0,1593.0,295900.0
2023-10-02,1605.0,1628.0,1574.0,1576.0,161300.0
2023-10-03,1566.0,1568.0,1513.0,1515.0,424900.0
2023-10-04,1491.0,1514.0,1471.0,1473.0,392400.0
2023-10-05,1493.0,1493.0,1459.0,1482.0,636500.0
2023-10-06,1485.0,1495.0,1410.0,1412.0,526600.0
2023-10-10,1472.0,1493.0,1453.0,1489.0,514500.0
2023-10-11,1501.0,1517.0,1463.0,1484.0,223500.0
2023-10-12,1485.0,1492.0,1464.0,1489.0,157600.0
2023-10-13,1460.0,1466.0,1446.0,1464.0,252700.0
2023-10-16,1447.0,1472.0,1432.0,1443.0,160900.0
2023-10-17,1462.0,1480.0,1447.0,1480.0,160100.0
2023-10-18,1475.0,1475.0,1437.0,1458.0,207900.0
2023-10-19,1422.0,1439.0,1413.0,1421.0,173100.0
2023-10-20,1418.0,1418.0,1383.0,1398.0,208300.0
2023-10-23,1381.0,1401.0,1374.0,1383.0,205200.0
2023-10-24,1390.0,1429.0,1350.0,1425.0,262000.0
2023-10-25,1455.0,1482.0,1444.0,1452.0,228000.0
2023-10-26,1422.0,1447.0,1416.0,1422.0,201500.0
2023-10-27,1431.0,1454.0,1404.0,1451.0,369300.0
2023-10-30,1592.0,1595.0,1513.0,1560.0,1193700.0
2023-10-31,1553.0,1612.0,1540.0,1597.0,436200.0
2023-11-01,1573.0,1597.0,1536.0,1559.0,535200.0
2023-11-02,1576.0,1603.0,1546.0,1591.0,343500.0
2023-11-06,1614.0,1646.0,1604.0,1639.0,264800.0
2023-11-07,1630.0,1647.0,1611.0,1618.0,256200.0
2023-11-08,1607.0,1643.0,1607.0,1620.0,159700.0
2023-11-09,1620.0,1667.0,1618.0,1662.0,237800.0
2023-11-10,1673.0,1681.0,1643.0,1673.0,243200.0
2023-11-13,1662.0,1670.0,1633.0,1652.0,246800.0
2023-11-14,1654.0,1668.0,1629.0,1665.0,156300.0
2023-11-15,1689.0,1692.0,1646.0,1674.0,156900.0
2023-11-16,1674.0,1697.0,1663.0,1688.0,181700.0
2023-11-17,1687.0,1694.0,1664.0,1667.0,148300.0
2023-11-20,1641.0,1683.0,1641.0,1663.0,167100.0
2023-11-21,1644.0,1670.0,1627.0,1670.0,213200.0
2023-11-22,1666.0,1718.0,1660.0,1697.0,258500.0
2023-11-24,1719.0,1732.0,1712.0,1718.0,242600.0
2023-11-27,1718.0,1732.0,1712.0,1728.0,115200.0
2023-11-28,1720.0,1745.0,1716.0,1745.0,178900.0
2023-11-29,1745.0,1760.0,1730.0,1735.0,200600.0
2023-11-30,1735.0,1774.0,1735.0,1769.0,151800.0
2023-12-01,1769.0,1771.0,1733.0,1739.0,190900.0
2023-12-04,1727.0,1730.0,1694.0,1711.0,254500.0
2023-12-05,1712.0,1738.0,1705.0,1712.0,184400.0
2023-12-06,1706.0,1744.0,1696.0,1737.0,179900.0
2023-12-07,1728.0,1733.0,1697.0,1697.0,136200.0
2023-12-08,1676.0,1699.0,1658.0,1671.0,225500.0
2023-12-11,1670.0,1690.0,1651.0,1684.0,149300.0
2023-12-12,1685.0,1703.0,1680.0,1696.0,135400.0
2023-12-13,1699.0,1705.0,1666.0,1688.0,129100.0
2023-12-14,1683.0,1698.0,1666.0,1666.0,99400.0
2023-12-15,1653.0,1686.0,1647.0,1686.0,178300.0
2023-12-18,1663.0,1683.0,1656.0,1683.0,100000.0
2023-12-19,1686.0,1726.0,1682.0,1715.0,200300.0
2023-12-20,1715.0,1754.0,1706.0,1735.0,187200.0
2023-12-21,1710.0,1723.0,1693.0,1716.0,100100.0
2023-12-22,1724.0,1802.0,1723.0,1766.0,459200.0
2023-12-25,1789.0,1820.0,1776.0,1780.0,299900.0
2023-12-26,1778.0,1783.0,1758.0,1769.0,78900.0
2023-12-27,1769.0,1798.0,1769.0,1792.0,142800.0
2023-12-28,1792.0,1809.0,1778.0,1791.0,163900.0
2023-12-29,1798.0,1831.0,1785.0,1823.0,169500.0
2024-01-04,1813.0,1833.0,1794.0,1821.0,196700.0
2024-01-05,1845.0,1855.0,1823.0,1823.0,170600.0
2024-01-09,1831.0,1846.0,1815.0,1825.0,167600.0
2024-01-10,1829.0,1845.0,1822.0,1831.0,221300.0
2024-01-11,1861.0,1861.0,1808.0,1816.0,245500.0
2024-01-12,1817.0,1829.0,1775.0,1791.0,177700.0
2024-01-15,1791.0,1825.0,1781.0,1815.0,160100.0
2024-01-16,1802.0,1812.0,1782.0,1784.0,145500.0
2024-01-17,1784.0,1796.0,1758.0,1758.0,184400.0
2024-01-18,1754.0,1778.0,1750.0,1751.0,110100.0
2024-01-19,1746.0,1768.0,1742.0,1755.0,146300.0
2024-01-22,1766.0,1798.0,1763.0,1793.0,132000.0
2024-01-23,1804.0,1824.0,1778.0,1791.0,122300.0
2024-01-24,1789.0,1800.0,1766.0,1786.0,147600.0
2024-01-25,1785.0,1825.0,1775.0,1816.0,115300.0
2024-01-26,1810.0,1810.0,1785.0,1789.0,148500.0
2024-01-29,1792.0,1811.0,1781.0,1808.0,89600.0
2024-01-30,1815.0,1832.0,1807.0,1816.0,173800.0
2024-01-31,1802.0,1805.0,1765.0,1793.0,361600.0
2024-02-01,1873.0,1881.0,1737.0,1775.0,683500.0
2024-02-02,1743.0,1749.0,1713.0,1716.0,491200.0
2024-02-05,1705.0,1763.0,1685.0,1747.0,518000.0
2024-02-06,1720.0,1725.0,1692.0,1700.0,460900.0
2024-02-07,1670.0,1695.0,1652.0,1686.0,663000.0
2024-02-08,1679.0,1702.0,1656.0,1687.0,398100.0
2024-02-09,1659.0,1684.0,1658.0,1659.0,386000.0
2024-02-13,1671.0,1688.0,1645.0,1674.0,402800.0
2024-02-14,1661.0,1698.0,1661.0,1691.0,391000.0
2024-02-15,1710.0,1754.0,1709.0,1737.0,430500.0
2024-02-16,1744.0,1756.0,1736.0,1740.0,222700.0
2024-02-19,1735.0,1759.0,1726.0,1749.0,159000.0
2024-02-20,1773.0,1793.0,1764.0,1774.0,194400.0
2024-02-21,1800.0,1815.0,1790.0,1797.0,199500.0
2024-02-22,1817.0,1823.0,1781.0,1809.0,222400.0
2024-02-26,1799.0,1818.0,1755.0,1755.0,356700.0
2024-02-27,1775.0,1845.0,1769.0,1843.0,411400.0
2024-02-28,1843.0,1893.0,1821.0,1869.0,506100.0
2024-02-29,1875.0,1895.0,1854.0,1880.0,250600.0
2024-03-01,1898.0,1939.0,1858.0,1869.0,285300.0
2024-03-04,1871.0,1913.0,1856.0,1866.0,274700.0
2024-03-05,1852.0,1870.0,1825.0,1870.0,202400.0
2024-03-06,1869.0,1916.0,1864.0,1883.0,325600.0
2024-03-07,1880.0,1899.0,1868.0,1886.0,227500.0
2024-03-08,1865.0,1902.0,1860.0,1901.0,257200.0
2024-03-11,1868.0,1874.0,1831.0,1860.0,211300.0
2024-03-12,1850.0,1931.0,1833.0,1931.0,315500.0
2024-03-13,1935.0,1974.0,1922.0,1933.0,224400.0
2024-03-14,1955.0,1998.0,1933.0,1983.0,289100.0
2024-03-15,1988.0,2008.0,1973.0,1991.0,399700.0
2024-03-18,2012.0,2012.0,1957.0,2000.0,246600.0
2024-03-19,2000.0,2053.0,1989.0,2053.0,194900.0
2024-03-21,2091.0,2091.0,2015.0,2015.0,170400.0
2024-03-22,2021.0,2044.0,2002.0,2027.0,107400.0
2024-03-25,2028.0,2046.0,1995.0,1996.0,145500.0
2024-03-26,1992.0,2035.0,1977.0,2023.0,119400.0
2024-03-27,2040.0,2062.0,2014.0,2043.0,153400.0
2024-03-28,2047.0,2079.0,2026.0,2046.0,197800.0
2024-03-29,2038.0,2072.0,2026.0,2061.0,104400.0
2024-04-01,2062.0,2062.0,2011.0,2021.0,130500.0
2024-04-02,2006.0,2015.0,1985.0,2015.0,163300.0
2024-04-03,2005.0,2008.0,1972.0,2004.0,145500.0
2024-04-04,2007.0,2024.0,1987.0,2008.0,111900.0
2024-04-05,1966.0,1996.0,1945.0,1996.0,177000.0
2024-04-08,1993.0,2004.0,1974.0,1975.0,130100.0
2024-04-09,2000.0,2053.0,1989.0,2049.0,154900.0
2024-04-10,2029.0,2068.0,2009.0,2049.0,129100.0
2024-04-11,2035.0,2044.0,2017.0,2023.0,55500.0
2024-04-12,2024.0,2067.0,2017.0,2041.0,117900.0
2024-04-15,2015.0,2061.0,2002.0,2058.0,132500.0
2024-04-16,2055.0,2066.0,2009.0,2022.0,145700.0
2024-04-17,2013.0,2026.0,1976.0,1999.0,107400.0
2024-04-18,1975.0,2038.0,1971.0,2033.0,101900.0
2024-04-19,2001.0,2001.0,1901.0,1941.0,243000.0
2024-04-22,1945.0,1970.0,1935.0,1958.0,150400.0
2024-04-23,1951.0,1979.0,1918.0,1937.0,196900.0
2024-04-24,1955.0,1978.0,1939.0,1969.0,194300.0
2024-04-25,1969.0,1976.0,1926.0,1926.0,142500.0
2024-04-26,1927.0,1948.0,1891.0,1944.0,245700.0
2024-04-30,2174.0,2228.0,2081.0,2223.0,1149500.0
2024-05-01,2323.0,2323.0,2159.0,2170.0,734100.0
2024-05-02,2176.0,2205.0,2121.0,2122.0,410400.0
2024-05-07,2128.0,2250.0,2105.0,2191.0,701700.0
2024-05-08,2201.0,2258.0,2193.0,2200.0,479300.0
2024-05-09,2169.0,2195.0,2150.0,2155.0,294200.0
2024-05-10,2235.0,2294.0,2227.0,2279.0,488000.0
2024-05-13,2246.0,2277.0,2198.0,2245.0,550700.0
2024-05-14,2258.0,2298.0,2236.0,2280.0,340200.0
2024-05-15,2290.0,2290.0,2218.0,2228.0,261200.0
2024-05-16,2219.0,2272.0,2219.0,2250.0,167500.0
2024-05-17,2216.0,2255.0,2186.0,2232.0,171000.0
2024-05-20,2232.0,2246.0,2204.0,2213.0,180900.0
2024-05-21,2221.0,2258.0,2172.0,2175.0,197200.0
2024-05-22,2160.0,2193.0,2141.0,2157.0,144400.0
2024-05-23,2162.0,2166.0,2137.0,2145.0,148500.0
2024-05-24,2102.0,2162.0,2085.0,2133.0,188500.0
2024-05-27,2145.0,2147.0,2095.0,2119.0,153600.0
2024-05-28,2089.0,2123.0,2069.0,2106.0,166500.0
2024-05-29,2117.0,2127.0,2071.0,2072.0,149200.0
2024-05-30,2030.0,2093.0,2022.0,2062.0,134500.0
2024-05-31,2062.0,2088.0,2062.0,2085.0,122900.0
2024-06-03,2091.0,2099.0,2063.0,2095.0,125600.0
2024-06-04,2090.0,2115.0,2067.0,2107.0,125600.0
2024-06-05,2107.0,2107.0,2048.0,2069.0,155200.0
2024-06-06,2074.0,2087.0,2059.0,2069.0,87300.0
2024-06-07,2057.0,2098.0,2057.0,2089.0,96000.0
2024-06-10,2095.0,2154.0,2095.0,2148.0,162900.0
2024-06-11,2144.0,2183.0,2137.0,2141.0,157800.0
2024-06-12,2130.0,2144.0,2116.0,2124.0,93000.0
2024-06-13,2144.0,2156.0,2101.0,2104.0,82500.0
2024-06-14,2054.0,2119.0,2050.0,2112.0,191400.0
2024-06-17,2075.0,2079.0,2028.0,2048.0,207600.0
2024-06-18,2078.0,2129.0,2062.0,2120.0,308300.0
2024-06-19,2126.0,2130.0,2097.0,2113.0,100700.0
2024-06-20,2108.0,2135.0,2085.0,2111.0,126700.0
2024-06-21,2111.0,2130.0,2088.0,2088.0,101500.0
2024-06-24,2093.0,2116.0,2083.0,2114.0,117700.0
2024-06-25,2139.0,2186.0,2122.0,2175.0,171900.0
2024-06-26,2165.0,2214.0,2158.0,2181.0,197500.0
2024-06-27,2167.0,2171.0,2143.0,2171.0,115900.0
2024-06-28,2175.0,2206.0,2145.0,2159.0,117500.0
2024-07-01,2188.0,2206.0,2148.0,2148.0,124200.0
2024-07-02,2142.0,2145.0,2116.0,2119.0,145700.0
2024-07-03,2113.0,2135.0,2092.0,2135.0,125200.0
2024-07-04,2121.0,2137.0,2098.0,2110.0,106200.0
2024-07-05,2110.0,2125.0,2065.0,2069.0,116700.0
2024-07-08,2080.0,2103.0,2065.0,2102.0,168500.0
2024-07-09,2096.0,2134.0,2096.0,2108.0,103500.0
2024-07-10,2101.0,2116.0,2072.0,2116.0,111300.0
2024-07-11,2125.0,2129.0,2086.0,2114.0,89600.0
2024-07-12,2109.0,2189.0,2109.0,2189.0,178400.0
2024-07-16,2203.0,2216.0,2180.0,2182.0,137300.0
2024-07-17,2202.0,2209.0,2166.0,2177.0,78700.0
2024-07-18,2151.0,2190.0,2147.0,2158.0,95400.0
2024-07-19,2146.0,2154.0,2130.0,2139.0,76100.0
2024-07-22,2139.0,2155.0,2085.0,2116.0,153200.0
2024-07-23,2129.0,2138.0,2075.0,2105.0,149100.0
2024-07-24,2078.0,2081.0,2039.0,2045.0,319600.0
2024-07-25,2031.0,2068.0,2030.0,2047.0,276700.0
2024-07-26,2037.0,2089.0,2036.0,2073.0,400100.0
2024-07-29,2000.0,2037.0,1904.0,1923.0,978200.0
2024-07-30,1901.0,1967.0,1895.0,1961.0,392300.0
2024-07-31,1956.0,2016.0,1927.0,2010.0,246300.0
2024-08-01,2012.0,2034.0,1952.0,1985.0,370700.0
2024-08-02,1950.0,1968.0,1871.0,1872.0,370300.0
2024-08-05,1755.0,1775.0,1570.0,1590.0,730100.0
2024-08-06,1781.0,1814.0,1690.0,1729.0,413800.0
2024-08-07,1689.0,1803.0,1688.0,1759.0,251500.0
2024-08-08,1728.0,1846.0,1720.0,1798.0,177700.0
2024-08-09,1838.0,1847.0,1746.0,1778.0,213000.0
2024-08-13,1823.0,1859.0,1810.0,1854.0,197500.0
2024-08-14,1864.0,1864.0,1822.0,1850.0,146200.0
2024-08-15,1849.0,1897.0,1831.0,1872.0,244600.0
2024-08-16,1900.0,1920.0,1855.0,1907.0,240000.0
2024-08-19,1912.0,1933.0,1879.0,1900.0,196400.0
2024-08-20,1908.0,1952.0,1894.0,1951.0,175400.0
2024-08-21,1935.0,1957.0,1927.0,1935.0,137100.0
2024-08-22,1944.0,1949.0,1915.0,1934.0,134600.0
2024-08-23,1923.0,1939.0,1900.0,1910.0,135100.0
2024-08-26,1922.0,1965.0,1880.0,1965.0,172300.0
2024-08-27,1978.0,2034.0,1965.0,2021.0,190400.0
2024-08-28,2031.0,2095.0,2023.0,2075.0,353400.0
2024-08-29,2100.0,2106.0,2063.0,2068.0,210400.0
2024-08-30,2068.0,2098.0,2066.0,2088.0,181000.0
2024-09-02,2138.0,2138.0,2089.0,2120.0,117700.0
2024-09-03,2120.0,2169.0,2100.0,2146.0,205100.0
2024-09-04,2096.0,2144.0,2084.0,2104.0,229600.0
2024-09-05,2082.0,2145.0,2062.0,2106.0,172100.0
2024-09-06,2127.0,2141.0,2095.0,2109.0,133700.0
2024-09-09,2026.0,2091.0,2026.0,2076.0,176900.0
2024-09-10,2073.0,2100.0,2061.0,2079.0,212200.0
2024-09-11,2060.0,2063.0,1987.0,2018.0,284500.0
2024-09-12,2057.0,2080.0,2046.0,2068.0,146800.0
2024-09-13,2068.0,2069.0,2011.0,2036.0,264000.0
2024-09-17,2049.0,2049.0,2005.0,2046.0,159300.0
2024-09-18,2075.0,2111.0,2070.0,2105.0,155400.0
2024-09-19,2134.0,2170.0,2128.0,2141.0,157300.0
2024-09-20,2157.0,2188.0,2121.0,2128.0,205000.0
2024-09-24,2132.0,2158.0,2128.0,2128.0,108500.0
2024-09-25,2132.0,2142.0,2115.0,2123.0,133000.0
2024-09-26,2161.0,2179.0,2128.0,2178.0,180000.0
2024-09-27,2138.0,2160.0,2110.0,2132.0,176800.0
2024-09-30,2074.0,2144.0,2074.0,2118.0,227700.0
2024-10-01,2118.0,2139.0,2102.0,2136.0,160000.0
2024-10-02,2102.0,2122.0,2067.0,2082.0,186700.0
2024-10-03,2118.0,2122.0,2083.0,2112.0,137500.0
2024-10-04,2123.0,2161.0,2123.0,2130.0,142400.0
2024-10-07,2168.0,2172.0,2149.0,2150.0,133300.0
2024-10-08,2142.0,2147.0,2115.0,2119.0,135300.0
2024-10-09,2145.0,2174.0,2142.0,2155.0,105700.0
2024-10-10,2177.0,2177.0,2143.0,2155.0,73500.0
2024-10-11,2165.0,2183.0,2145.0,2145.0,134500.0
2024-10-15,2222.0,2266.0,2213.0,2233.0,313500.0
2024-10-16,2252.0,2299.0,2252.0,2281.0,320200.0
2024-10-17,2297.0,2302.0,2261.0,2269.0,222700.0
2024-10-18,2273.0,2273.0,2240.0,2257.0,148700.0
2024-10-21,2253.0,2279.0,2243.0,2258.0,128900.0
2024-10-22,2233.0,2247.0,2181.0,2225.0,171600.0
2024-10-23,2222.0,2237.0,2186.0,2210.0,193000.0
2024-10-24,2189.0,2226.0,2182.0,2219.0,145400.0
2024-10-25,2213.0,2216.0,2136.0,2164.0,231600.0
2024-10-28,2514.0,2517.0,2380.0,2435.0,948300.0
2024-10-29,2441.0,2441.0,2381.0,2418.0,492100.0
2024-10-30,2415.0,2494.0,2391.0,2451.0,501400.0
2024-10-31,2425.0,2458.0,2395.0,2395.0,283100.0
2024-11-01,2380.0,2386.0,2315.0,2318.0,293000.0
2024-11-05,2368.0,2370.0,2263.0,2263.0,253200.0
2024-11-06,2296.0,2346.0,2296.0,2318.0,288800.0
2024-11-07,2350.0,2367.0,2291.0,2327.0,214400.0
2024-11-08,2347.0,2373.0,2326.0,2330.0,170500.0
2024-11-11,2328.0,2357.0,2296.0,2357.0,152300.0
2024-11-12,2375.0,2439.0,2371.0,2405.0,278700.0
2024-11-13,2391.0,2413.0,2357.0,2358.0,185500.0
2024-11-14,2358.0,2366.0,2323.0,2334.0,218400.0
2024-11-15,2355.0,2417.0,2325.0,2409.0,199800.0
2024-11-18,2390.0,2446.0,2390.0,2427.0,264400.0
2024-11-19,2449.0,2523.0,2445.0,2523.0,327700.0
2024-11-20,2528.0,2545.0,2493.0,2518.0,233600.0
2024-11-21,2518.0,2552.0,2496.0,2528.0,114300.0
2024-11-22,2550.0,2566.0,2503.0,2530.0,152000.0
2024-11-25,2536.0,2549.0,2501.0,2521.0,139400.0
2024-11-26,2528.0,2540.0,2488.0,2516.0,102500.0
2024-11-27,2524.0,2524.0,2451.0,2488.0,110700.0
2024-11-28,2488.0,2543.0,2484.0,2525.0,111200.0
2024-11-29,2519.0,2637.0,2514.0,2619.0,299300.0
2024-12-02,2638.0,2668.0,2601.0,2647.0,302100.0
2024-12-03,2622.0,2639.0,2589.0,2609.0,149100.0
2024-12-04,2594.0,2606.0,2545.0,2585.0,230100.0
2024-12-05,2611.0,2640.0,2600.0,2625.0,99400.0
2024-12-06,2625.0,2625.0,2536.0,2554.0,145100.0
2024-12-09,2552.0,2562.0,2527.0,2542.0,159000.0
2024-12-10,2540.0,2557.0,2512.0,2536.0,134900.0
2024-12-11,2506.0,2536.0,2487.0,2510.0,142200.0
2024-12-12,2551.0,2568.0,2530.0,2544.0,141600.0
2024-12-13,2494.0,2520.0,2485.0,2517.0,184900.0
2024-12-16,2534.0,2557.0,2525.0,2533.0,113500.0
2024-12-17,2534.0,2535.0,2467.0,2491.0,235200.0
2024-12-18,2515.0,2541.0,2500.0,2501.0,121200.0
2024-12-19,2464.0,2539.0,2455.0,2533.0,101700.0
2024-12-20,2526.0,2560.0,2499.0,2499.0,144700.0
2024-12-23,2520.0,2552.0,2520.0,2542.0,111200.0
2024-12-24,2506.0,2524.0,2491.0,2515.0,97800.0
2024-12-25,2522.0,2522.0,2472.0,2503.0,102500.0
2024-12-26,2512.0,2539.0,2489.0,2539.0,126900.0
2024-12-27,2568.0,2616.0,2566.0,2594.0,133700.0
2024-12-30,2600.0,2605.0,2570.0,2584.0,94700.0
2025-01-06,2600.0,2601.0,2541.0,2542.0,127200.0
2025-01-07,2562.0,2579.0,2544.0,2551.0,114500.0
2025-01-08,2522.0,2536.0,2483.0,2513.0,186300.0
2025-01-09,2485.0,2543.0,2480.0,2529.0,176800.0
2025-01-10,2523.0,2536.0,2497.0,2524.0,90700.0
2025-01-14,2518.0,2518.0,2474.0,2492.0,126400.0
2025-01-15,2476.0,2517.0,2470.0,2516.0,127600.0
2025-01-16,2530.0,2560.0,2516.0,2522.0,119700.0
2025-01-17,2505.0,2521.0,2494.0,2511.0,88500.0
2025-01-20,2518.0,2553.0,2511.0,2547.0,117900.0
2025-01-21,2558.0,2569.0,2540.0,2547.0,84700.0
2025-01-22,2568.0,2577.0,2548.0,2559.0,79300.0
2025-01-23,2573.0,2583.0,2551.0,2562.0,85300.0
2025-01-24,2600.0,2610.0,2561.0,2600.0,131000.0
2025-01-27,2613.0,2613.0,2543.0,2563.0,138500.0
2025-01-28,2537.0,2628.0,2532.0,2611.0,126400.0
2025-01-29,2611.0,2665.0,2611.0,2639.0,105100.0
2025-01-30,2615.0,2636.0,2607.0,2625.0,92200.0
2025-01-31,2601.0,2642.0,2598.0,2634.0,86600.0
